H,W,l_mean,l_std,l_p01,l_p05,l_p10,l_p50,l_p90,l_p95,l_p99,dark_frac_005,dark_frac_010,clip_frac_098,r_mean,g_mean,b_mean,r_std,g_std,b_std,rg,bg,sharp_lap_var,file
4032,3024,0.14977814257144928,0.26762157678604126,0.0027921569999307394,0.004815686494112015,0.004815686494112015,0.008737255819141865,0.6743372678756714,0.7407255172729492,0.8004941344261169,0.7556777099342824,0.7700759171338288,7.545456454186613e-06,0.1457664966583252,0.13972681760787964,0.14934059977531433,0.2479645162820816,0.24071736633777618,0.2563229203224182,1.0432246001822973,1.0688036379013233,0.019347548484802246,0001.jpg
4032,3024,0.18437667191028595,0.24250724911689758,0.0,0.003921568859368563,0.0076078432612121105,0.042007844895124435,0.5684471130371094,0.6242353320121765,0.8033764958381653,0.5436922116454607,0.6617702395387167,1.6157118711682203e-05,0.1716061681509018,0.1720343381166458,0.18549463152885437,0.20795899629592896,0.2134130299091339,0.26101887226104736,0.9975111510784272,1.0782414448075897,0.012393118813633919,0002.jpg
4032,3024,0.1828366219997406,0.28576087951660156,0.0027921569999307394,0.004815686494112015,0.0076078432612121105,0.016901960596442223,0.7255411744117737,0.762313723564148,0.8329019546508789,0.6182238520408163,0.7243073927101705,5.5934796758209455e-05,0.1745418906211853,0.1720237284898758,0.17691540718078613,0.25700855255126953,0.2513607442378998,0.2767943739891052,1.0146383729444903,1.0284359041508282,0.0187300443649292,0003.jpg
4032,3024,0.23244789242744446,0.2589107155799866,0.0011725490912795067,0.003921568859368563,0.0067137256264686584,0.10874117910861969,0.6438392400741577,0.670396089553833,0.7300549149513245,0.4293314692775258,0.4925818321155623,6.479250650877635e-06,0.23627428710460663,0.22500832378864288,0.2243056297302246,0.26813754439353943,0.2585006654262543,0.26661282777786255,1.0500688732638748,0.9968770447082524,0.014540344476699829,0004.jpg
4032,3024,0.2522563636302948,0.2510848045349121,0.0027921569999307394,0.0076078432612121105,0.011529413051903248,0.13259217143058777,0.7282509803771973,0.7690706253051758,0.8304588794708252,0.20743001097043756,0.3744124385865457,0.00013959094440245233,0.27814987301826477,0.23110529780387878,0.20292852818965912,0.2621234953403473,0.24119116365909576,0.21473917365074158,1.2035624976966612,0.8780787460922809,0.011625986546278,0005.jpg
4032,3024,0.31215912103652954,0.2512480616569519,0.0,0.0,0.003921568859368563,0.3101607859134674,0.6941725611686707,0.7857568860054016,0.8825490474700928,0.1951966116307634,0.2971776384164777,3.53488231712438e-05,0.3391259014606476,0.30223679542541504,0.2663981020450592,0.2624433636665344,0.24274678528308868,0.24404682219028473,1.1220532527485825,0.8814221982730153,0.006867688614875078,0006.jpg
4032,3024,0.3004598319530487,0.2755882143974304,0.0,0.0,0.0011725490912795067,0.2631019651889801,0.6984274983406067,0.7751882672309875,0.8708666563034058,0.330095348324515,0.38898673377530024,0.0006959043262366675,0.32363656163215637,0.2925281822681427,0.2573811113834381,0.29331737756729126,0.26471829414367676,0.25240400433540344,1.106342824065664,0.8798510609704315,0.022996293380856514,0007.jpg
4032,3024,0.18598470091819763,0.18166252970695496,0.0,0.0,0.0027921569999307394,0.12875686585903168,0.5324901938438416,0.5457647442817688,0.5687882900238037,0.3015711444685899,0.4320681735271269,2.460474930713026e-07,0.20727649331092834,0.17640969157218933,0.16410785913467407,0.17726880311965942,0.17661680281162262,0.20736421644687653,1.1749712642904524,0.930265947444114,0.0033843752462416887,0008.jpg
4032,3024,0.23107434809207916,0.17543578147888184,0.000894117692951113,0.011529413051903248,0.0311372559517622,0.22686275839805603,0.41507452726364136,0.5455058813095093,0.8823098540306091,0.16543470686885867,0.26908738032249935,0.00020102080183925422,0.25754305720329285,0.2220882922410965,0.18791554868221283,0.1854037046432495,0.17003962397575378,0.1641414314508438,1.1596419377288447,0.846130611638015,0.0031999084167182446,0009.jpg
4032,3024,0.2886088192462921,0.29033446311950684,0.0011725490912795067,0.0027921569999307394,0.005137255415320396,0.11389803886413574,0.7218509912490845,0.7575922012329102,0.803266704082489,0.3740090027137398,0.4853911761463845,3.280633240950701e-07,0.2984350919723511,0.27093058824539185,0.24883247911930084,0.3028467893600464,0.28467023372650146,0.2788012623786926,1.1015182611414343,0.9184365718696633,0.0019038895843550563,0010.jpg
4032,3024,0.09290219098329544,0.18628805875778198,0.0035176470410078764,0.004815686494112015,0.004815686494112015,0.01265882421284914,0.3379215598106384,0.38913726806640625,0.9049568772315979,0.7101877932886117,0.7773166847757622,3.0427873309817754e-05,0.09272760152816772,0.08586331456899643,0.07601076364517212,0.18069793283939362,0.17400141060352325,0.15889573097229004,1.079943419960052,0.8852544159552188,0.0008614416001364589,0011.jpg
4032,3024,0.2768905758857727,0.29202646017074585,0.0,0.0,0.0,0.1557764858007431,0.7135843634605408,0.7338078022003174,0.7972510457038879,0.39827797920865876,0.46073820153061223,0.000408192791005291,0.3047034740447998,0.2617843747138977,0.23077097535133362,0.29908421635627747,0.2815288305282593,0.27396389842033386,1.1639476589469824,0.881531199378658,0.0001420329645043239,0012.jpg
4032,3024,0.26081135869026184,0.2654827833175659,0.0,0.0027921569999307394,0.0067137256264686584,0.1221686378121376,0.7017804384231567,0.7298862934112549,0.7642470598220825,0.2610848496420173,0.43026054461136304,1.6403166204753505e-07,0.26597169041633606,0.23703449964523315,0.2269064486026764,0.27369067072868347,0.2599535286426544,0.25883010029792786,1.122079565357985,0.9572720075359377,0.000641953491140157,0013.jpg
4032,3024,0.19416125118732452,0.2042868733406067,0.000894117692951113,0.004815686494112015,0.0067137256264686584,0.09539999812841415,0.5183490514755249,0.5681137442588806,0.6116588711738586,0.31737772751847654,0.5156046600739062,0.0,0.1916274130344391,0.17776495218276978,0.17615005373954773,0.2064497023820877,0.19802816212177277,0.20736421644687653,1.0779815295418138,0.9909155919713935,0.0007167737348936498,0014.jpg
4032,3024,0.26836279034614563,0.28288134932518005,0.0011725490912795067,0.0027921569999307394,0.003921568859368563,0.1573372632265091,0.7183176875114441,0.7749215960502625,0.8601608276367188,0.3165070474563282,0.40134922603300577,3.280633240950701e-07,0.29010331630706787,0.2561620771884918,0.22911465167999268,0.2865605056285858,0.27660924196243286,0.2721726596355438,1.1324985610381357,0.8944132550039721,0.0039446232840418816,0015.jpg
4032,3024,0.16033874452114105,0.25058189034461975,0.0,0.0,0.0027921569999307394,0.019929414615035057,0.6345725655555725,0.6862940788269043,0.7098667025566101,0.6222417255868397,0.7374932418955237,0.0,0.16323362290859222,0.14905717968940735,0.15293699502944946,0.22787728905677795,0.2196986973285675,0.23534265160560608,1.0951067780964745,1.0260288656961094,0.000809451739769429,0016.jpg
4032,3024,0.16006600856781006,0.256240576505661,0.0011725490912795067,0.0027921569999307394,0.0027921569999307394,0.014556863345205784,0.6434509754180908,0.6638000011444092,0.6856940984725952,0.6619282840450995,0.7372441598167044,0.0,0.15968170762062073,0.15148106217384338,0.15267156064510345,0.22947533428668976,0.22260943055152893,0.24170805513858795,1.0541360827090283,1.0078590062359585,0.0008162655867636204,0017.jpg
4032,3024,0.26414382457733154,0.21265339851379395,0.0036862746346741915,0.008501960895955563,0.02329411916434765,0.22246667742729187,0.5916118025779724,0.6643490195274353,0.7445254921913147,0.18568966456181238,0.3119126846340388,6.372630070546737e-05,0.27839338779449463,0.2616695761680603,0.25066429376602173,0.2144487351179123,0.2097710818052292,0.20284909009933472,1.0639117010071981,0.9579422242913153,0.02012978121638298,0018.jpg
4032,3024,0.22035183012485504,0.21836291253566742,0.003921568859368563,0.007843137718737125,0.010635294951498508,0.15321962535381317,0.6006156802177429,0.6715568900108337,0.7367058992385864,0.2957449858801545,0.38883418432959604,3.223222159234064e-05,0.22181087732315063,0.21983088552951813,0.22256256639957428,0.20636875927448273,0.2166101634502411,0.23864975571632385,1.0090068453393974,1.0124262268118032,0.0011710627004504204,0019.jpg
4032,3024,0.1435336023569107,0.15516974031925201,0.003921568859368563,0.010635294951498508,0.014556863345205784,0.0907960757613182,0.3339333236217499,0.44341567158699036,0.7758980393409729,0.3274263071355085,0.526819340776434,0.0001164624800537499,0.1548609733581543,0.13880547881126404,0.12788428366184235,0.15738970041275024,0.15469515323638916,0.14665500819683075,1.1156681927557648,0.9213207103663273,0.0024972776882350445,0020.jpg
4032,3024,0.08507737517356873,0.10974337160587311,0.004815686494112015,0.004815686494112015,0.008737255819141865,0.03024313785135746,0.25125885009765625,0.3692706227302551,0.4436117708683014,0.6073837376385739,0.7345934081580163,1.5500992063492063e-05,0.08773419260978699,0.07469503581523895,0.07594168931245804,0.10849597305059433,0.10368210822343826,0.09606241434812546,1.1745629021973865,1.0166896875264262,0.00029138746322132647,0021.jpg
4032,3024,0.06546519696712494,0.14443311095237732,0.0076078432612121105,0.008737255819141865,0.008737255819141865,0.015450980514287949,0.1515529453754425,0.3695760920643894,0.8032888907194143,0.7881128386925758,0.8703506865709246,3.4364633198958596e-05,0.06291899085044861,0.05827328935265541,0.07183248549699783,0.13579660654067993,0.13981804251670837,0.15390340983867645,1.0797212896013035,1.232678875966843,0.003121614223346114,0022.jpg
4032,3024,0.07754798233509064,0.14513693749904633,0.008737255819141865,0.008737255819141865,0.01265882421284914,0.028666667640209198,0.18145489692687988,0.3326090455055266,0.8389686346054077,0.6940589700386327,0.843777721350886,7.971938775510203e-05,0.08131200820207596,0.06931598484516144,0.07848551869392395,0.13513968884944916,0.14168089628219604,0.1476103812456131,1.1730603745057715,1.1322840840415258,0.001530420035123825,0023.jpg
4032,3024,0.013462621718645096,0.06735792011022568,0.003643137402832508,0.003643137402832508,0.003643137402832508,0.007564706262201071,0.007564706262201071,0.007564706262201071,0.10294117778539658,0.9869278247564458,0.9899184500188964,9.940318720080624e-05,0.010782605037093163,0.015990490093827248,0.021699625998735428,0.07224158197641373,0.06486421078443527,0.06511957198381424,0.6743339722453793,1.357010877123447,0.0008806169498711824,0024.jpg
4032,3024,0.16309036314487457,0.12736894190311432,0.0036862746346741915,0.0076078432612121105,0.014556863345205784,0.14541961252689362,0.2989019751548767,0.37674903869628906,0.6908117532730103,0.1541526091532292,0.3355051945546737,9.841899722852104e-05,0.17738498747348785,0.16041302680969238,0.14610125124454498,0.13083723187446594,0.12392863631248474,0.11896864324808121,1.105800976394229,0.9107822685473371,0.0015777016524225473,0025.jpg
4032,3024,0.11950565874576569,0.12931101024150848,0.0027921569999307394,0.0067137256264686584,0.010635294951498508,0.057694122195243835,0.25226277112960815,0.2785843312740326,0.7011216282844543,0.4893415506634753,0.5587963291026287,0.0007140298248929202,0.12387556582689285,0.11401762068271637,0.1090971902012825,0.13574470579624176,0.127662792801857,0.12139971554279327,1.0864590808514385,0.956845377956938,0.0027802076656371355,0026.jpg
4032,3024,0.2505025267601013,0.27779003977775574,0.0036862746346741915,0.0036862746346741915,0.004815686494112015,0.1017686277627945,0.6937333345413208,0.7258980870246887,0.7758588194847107,0.2862360704312589,0.4940494233959016,1.230237465356513e-05,0.23906248807907104,0.22313442826271057,0.22857441008090973,0.27732419967651367,0.27278658747673035,0.2846068739891052,1.0713829262362022,1.0243797314507777,0.00727315666154027,0027.jpg
4032,3024,0.15757250785827637,0.2318713217973709,0.000894117692951113,0.0036862746346741915,0.0036862746346741915,0.01265882421284914,0.561172604560852,0.6049451231956482,0.6574352979660034,0.613257383393172,0.7008292128579827,0.0,0.1558108925819397,0.15067194402217865,0.1614723950624466,0.20740582048892975,0.20737308263778687,0.2159775048494339,1.0341066446475262,1.0716814230342386,0.0003995083970949054,0028.jpg
4032,3024,0.06973295658826828,0.1895563304424286,0.000894117692951113,0.004815686494112015,0.004815686494112015,0.015450980514287949,0.12670589983463287,0.5101255178451538,0.933807909488678,0.859354414026413,0.889537962175611,0.003004075858738557,0.06708715856075287,0.05924605950713158,0.06100396811962128,0.19070003926753998,0.182725727558136,0.17619919776916504,1.1323457926663425,1.0296708161909385,0.03220368176698685,0029.jpg
4032,3024,0.03753195330500603,0.13348841667175293,0.0027921569999307394,0.003921568859368563,0.003921568859368563,0.010635294951498508,0.049850981682538986,0.08263137191534042,0.9030705690383911,0.9001432652536323,0.9630628582451499,0.00046642403103216594,0.03887590765953064,0.03270582854747772,0.04240630194544792,0.13393597304821014,0.1296808272600174,0.1295037567615509,1.188648040365526,1.2965886277811633,0.004737087991088629,0030.jpg
4032,3024,0.12818439304828644,0.24048545956611633,0.0,0.0027921569999307394,0.003921568859368563,0.01185098011046648,0.6316118240356445,0.7649568319320679,0.8131019473075867,0.7178923604549845,0.7723057635477031,0.00012548422146636432,0.13654667139053345,0.11704099923372269,0.10711079090833664,0.23918332159519196,0.2151029258966446,0.20368008315563202,1.1666553227432457,0.9151568805181097,0.000720338721293956,0031.jpg
4032,3024,0.029020294547080994,0.14609867334365845,0.000894117692951113,0.000894117692951113,0.000894117692951113,0.000894117692951113,0.000894117692951113,0.015450980514287949,0.9084274768829346,0.9541597937400269,0.9609150276622995,0.0002159476830855799,0.03095938265323639,0.02726752869784832,0.02656182460486889,0.1515103429555893,0.14230895042419434,0.13300742208957672,1.1353888211680223,0.9741201991204199,0.0008719850447960198,0032.jpg
4032,3024,0.08062544465065002,0.14186471700668335,0.0027921569999307394,0.0027921569999307394,0.0027921569999307394,0.0311372559517622,0.17270196974277496,0.4618745446205139,0.7399280017614388,0.6265886466469304,0.7831738453483245,1.6403166204753506e-06,0.09557884931564331,0.07628797739744186,0.07131683081388474,0.15032514929771423,0.13612419366836548,0.12106230109930038,1.252865781877007,0.9348379444430223,0.0007761159795336425,0033.jpg
4032,3024,0.17716512084007263,0.21879686415195465,0.004815686494112015,0.004815686494112015,0.008737255819141865,0.02442353032529354,0.5446745157241821,0.5754353404045105,0.6709216237068176,0.5376420678224993,0.5897656709288653,8.201583102376753e-07,0.17225033044815063,0.1699916571378708,0.17467446625232697,0.20736421644687653,0.20736421644687653,0.21170349419116974,1.0132868874944874,1.0275471258188418,0.0019109605345875025,0034.jpg
4032,3024,0.13381116092205048,0.15929551422595978,0.0,0.003921568859368563,0.0067137256264686584,0.08282745629549026,0.2710627615451813,0.5175333619117737,0.8540235161781311,0.22454441846182918,0.5966137467718569,6.26600949021584e-05,0.1635340005159378,0.12454713881015778,0.10003511607646942,0.16498063504695892,0.15139952301979065,0.14662863314151764,1.31302644967827,0.8031923803289365,0.003240135731175542,0035.jpg
4032,3024,0.03847634047269821,0.10959982872009277,0.0076078432612121105,0.008737255819141865,0.008737255819141865,0.01265882421284914,0.04682353138923645,0.11296079307794571,0.7016627192497253,0.9105133469282775,0.9467794351536911,0.00021857218967834047,0.0429999940097332,0.03260383754968643,0.043095663189888,0.11585620045661926,0.10655100643634796,0.09524106979370117,1.3188531899355147,1.3217873919541265,0.002261962741613388,0036.jpg
4032,3024,0.09846042841672897,0.23078858852386475,0.0011725490912795067,0.003921568859368563,0.0067137256264686584,0.010635294951498508,0.4360235333442688,0.8074431419372559,0.8520980477333069,0.8208150930125137,0.85232516521269,2.3784590996892584e-06,0.09828904271125793,0.0889551118016243,0.0866028219461441,0.23148193955421448,0.2147745043039322,0.2107090801000595,1.104927370594262,0.9735567370488731,0.009185297414660454,0037.jpg
4032,3024,0.14194591343402863,0.17477664351463318,0.0,0.000894117692951113,0.0027921569999307394,0.10849020630121231,0.3163333535194397,0.526607871055603,0.8356666564941406,0.3716886928382464,0.48036467191043086,0.00029320659590996895,0.15533697605133057,0.13714642822742462,0.12385274469852448,0.17836283147335052,0.17227549850940704,0.170964777469635,1.1326349903823314,0.9030701216879116,0.024395938962697983,0038.jpg
4032,3024,0.22776629030704498,0.29246968030929565,0.0011725490912795067,0.0027921569999307394,0.0067137256264686584,0.07393725216388702,0.7440980672836304,0.7720627784729004,0.8394548892974854,0.3499148019547325,0.6135561670655917,7.742294448643655e-05,0.2148902714252472,0.20501810312271118,0.20537495613098145,0.2932572662830353,0.2883135974407196,0.2932572662830353,1.048152431418194,1.0017405841837903,0.016966599971055984,0039.jpg
4032,3024,0.1661766767501831,0.27110370993614197,0.0,0.000894117692951113,0.0027921569999307394,0.01265882421284914,0.6820588111877441,0.7286118268966675,0.7968000173568726,0.6301054034653985,0.7333262635686991,2.0175894431846814e-05,0.16657450795173645,0.15812605619430542,0.17009343206882477,0.2383010983467102,0.23843835294246674,0.27104610204696655,1.0534282491609128,1.0756820253443151,0.015164431184530258,0040.jpg
4032,3024,0.05610727146267891,0.14021851122379303,0.000894117692951113,0.004815686494112015,0.0076078432612121105,0.01658039353787899,0.09424705803394318,0.24623137712478638,0.7652667164802551,0.8291492136978248,0.9066973963582347,1.0498026371042243e-05,0.054685551673173904,0.04794200509786606,0.05726754292845726,0.14438310265541077,0.1339620053768158,0.13037818670272827,1.1406575695775065,1.194513001668439,0.003017684444785118,0041.jpg
4032,3024,0.22743473947048187,0.30696961283683777,0.0027921569999307394,0.0067137256264686584,0.008121568709611893,0.02240000106394291,0.7225490212440491,0.7774510383605957,0.8384078145027161,0.6009072755259511,0.6606625337249097,2.657312925170068e-05,0.21602000296115875,0.21070076525211334,0.22214120626449585,0.2932572662830353,0.2932572662830353,0.29325732588768005,1.025245340031588,1.0542968446357985,0.021814828738570213,0042.jpg
4032,3024,0.2621621787548065,0.21001319587230682,0.0036862746346741915,0.0076078432612121105,0.03832157328724861,0.15750589966773987,0.5258353352546692,0.5420784950256348,0.6937843561172485,0.11678980523536575,0.36770255941882923,4.264823213235912e-06,0.24569734930992126,0.2295873612165451,0.2517078220844269,0.20544026792049408,0.20915250480175018,0.2440972626209259,1.070169010345352,1.0963483547278687,0.004564755596220493,0043.jpg
4032,3024,0.0335809700191021,0.11904788017272949,0.000894117692951113,0.004815686494112015,0.004815686494112015,0.01265882421284914,0.020501961931586266,0.07052157074213028,0.8855960369110107,0.9415184476568406,0.9581325585789872,0.0014219904782900815,0.032765328884124756,0.0308836679905653,0.04318765550851822,0.12242083251476288,0.1151370257139206,0.11390172690153122,1.0609254046096357,1.3983849695813975,0.008932963944971561,0044.jpg
4032,3024,0.04187370464205742,0.12960709631443024,0.007564706262201071,0.007564706262201071,0.007564706262201071,0.01265882421284914,0.049850981682538986,0.0600392185151577,0.8204353451728821,0.9013089562599731,0.9616197076824557,1.730534034601495e-05,0.041167885065078735,0.036596257239580154,0.04419293999671936,0.12950947880744934,0.12708213925361633,0.12626825273036957,1.1249172252327788,1.2075751936110488,0.00031512489658780396,0045.jpg
4032,3024,0.1301979273557663,0.21082022786140442,0.000894117692951113,0.004815686494112015,0.004815686494112015,0.05579607933759689,0.41083139181137085,0.7643215656280518,0.8358549475669861,0.488281332015831,0.6628681034528009,8.201583102376753e-05,0.1362578421831131,0.12443867325782776,0.12665939331054688,0.21573951840400696,0.1906622350215912,0.19354571402072906,1.0949791060668979,1.0178457560565752,0.0101010175421834,0046.jpg
4032,3024,0.16746976971626282,0.18912899494171143,0.0,0.0011725490912795067,0.0027921569999307394,0.07123137265443802,0.47055691480636597,0.5100510120391846,0.5538784861564636,0.40857883952191987,0.6045466460117997,0.0,0.17775876820087433,0.15921621024608612,0.13631050288677216,0.19784823060035706,0.19087429344654083,0.16230376064777374,1.1164607640476103,0.8561354810581664,0.0005121660069562495,0047.jpg
4032,3024,0.05376244708895683,0.11369200795888901,0.0027921569999307394,0.0027921569999307394,0.0027921569999307394,0.020823530852794647,0.09868235886096954,0.27510982751846313,0.6071020364761353,0.8198012133093978,0.9002512801030906,1.3942691274040481e-06,0.06907590478658676,0.0467902272939682,0.04634471610188484,0.11446840316057205,0.11167687922716141,0.10286100208759308,1.4762789689744125,0.9904787453151332,0.0007693461957387626,0048.jpg
4032,3024,0.05469423532485962,0.13622772693634033,0.007843137718737125,0.007843137718737125,0.007843137718737125,0.015172549523413181,0.08211764693260193,0.17309020459651947,0.8906784653663635,0.740285880941883,0.9296573181741833,0.0070019375419921055,0.05626095458865166,0.05284809693694115,0.05432389676570892,0.13550297915935516,0.13261161744594574,0.1309635192155838,1.064577407174671,1.0279247880153692,0.0005692521808668971,0049.jpg
4032,3024,0.10135448724031448,0.1395404040813446,0.0020666667260229588,0.0036862746346741915,0.0036862746346741915,0.015450980514287949,0.33274510502815247,0.4167019724845886,0.4911451041698456,0.6125355620643319,0.6819962456433191,0.0,0.11790309101343155,0.09309215098619461,0.08619759231805801,0.15813468396663666,0.13910438120365143,0.1125291958451271,1.2665173513239047,0.9259391416543733,0.0009894256945699453,0050.jpg
4032,3024,0.07499734312295914,0.1391650289297104,0.0076078432612121105,0.007843137718737125,0.007843137718737125,0.011529413051903248,0.24081961810588837,0.43631765246391296,0.6503373384475708,0.7106441293724279,0.8002866125230956,0.00011588836923658353,0.08271155506372452,0.06923616677522659,0.07140044122934341,0.14668187499046326,0.1324067860841751,0.13046255707740784,1.194626512263923,1.0312588535163922,0.003358077257871628,0051.jpg
4032,3024,0.050706904381513596,0.12454100698232651,0.0020666667260229588,0.0020666667260229588,0.0036862746346741915,0.0076078432612121105,0.1406039297580719,0.33330196142196655,0.655098021030426,0.8227331972526665,0.8790806976725876,0.0007742294448643655,0.05624622479081154,0.045812465250492096,0.04895200580358505,0.13006097078323364,0.12072210758924484,0.10860485583543777,1.2277443865743678,1.0685287728384447,0.00266934372484684,0052.jpg
4032,3024,0.013023811392486095,0.05679435282945633,0.0,0.0,0.0,0.0,0.003921568859368563,0.06945882737636566,0.3333960771560669,0.9439991804978164,0.958118123792727,8.201583102376753e-07,0.014001705683767796,0.012451614253222942,0.01343055721372366,0.06032026186585426,0.05401493236422539,0.05717441439628601,1.1244791976225927,1.0786134494005828,0.0005379305221140385,0053.jpg
4032,3024,0.024645498022437096,0.11017333716154099,0.004815686494112015,0.004815686494112015,0.004815686494112015,0.008737255819141865,0.008737255819141865,0.01265882421284914,0.83989417552948,0.9625565745202402,0.9788979007884018,1.828953031830016e-05,0.023121654987335205,0.021629443392157555,0.03896283358335495,0.11849522590637207,0.10395124554634094,0.1124853640794754,1.0689866392530203,1.8013423431478006,0.0004134061746299267,0054.jpg
4032,3024,0.019777309149503708,0.0803416296839714,0.004815686494112015,0.004815686494112015,0.004815686494112015,0.008737255819141865,0.01265882421284914,0.018478430807590485,0.3964862823486328,0.9594836873792727,0.9747558552742085,0.00010145358297640044,0.02150009199976921,0.021499980241060257,0.02908678911626339,0.09067311882972717,0.07560250163078308,0.07208876311779022,1.000005197842503,1.3528587436546107,0.0004199803515803069,0055.jpg
4032,3024,0.03908514603972435,0.1301775574684143,0.008737255819141865,0.008737255819141865,0.008737255819141865,0.01265882421284914,0.02329411916434765,0.11392157524824142,0.912243127822876,0.9180360849972705,0.9428015853332073,2.386660682791635e-05,0.03770513832569122,0.03313359245657921,0.04463736340403557,0.1329089105129242,0.1276596337556839,0.11819921433925629,1.137968978344995,1.347183112710118,0.0001909928978420794,0056.jpg
4032,3024,0.0467955581843853,0.04916255176067352,0.000894117692951113,0.004815686494112015,0.004815686494112015,0.02240000106394291,0.12609019875526428,0.16138432919979095,0.1805882453918457,0.6029835062883178,0.8719225199724951,3.444664902998236e-06,0.05069667100906372,0.04325765743851662,0.045481376349925995,0.05517803505063057,0.048673149198293686,0.04053859785199165,1.171965891015461,1.051405176283382,0.00026725156931206584,0057.jpg
4032,3024,0.20801310241222382,0.1391238272190094,0.0076078432612121105,0.0076078432612121105,0.011529413051903248,0.24943137168884277,0.3380509912967682,0.4163137674331665,0.5882235765457153,0.22116708855610145,0.2850982648074662,8.201583102376753e-08,0.23273129761219025,0.18971611559391022,0.1756700724363327,0.14860013127326965,0.13638462126255035,0.12471172213554382,1.226733270130219,0.9259632262824241,0.0005599791184067726,0058.jpg
4032,3024,0.0331251360476017,0.08876392245292664,0.004815686494112015,0.004815686494112015,0.004815686494112015,0.01265882421284914,0.055180393159389496,0.06302352994680405,0.6357333660125732,0.8664333644337364,0.9778179163254808,6.479250650877635e-06,0.03254389017820358,0.029561804607510567,0.042098771780729294,0.08664634078741074,0.08600948005914688,0.08788540214300156,1.1008728911307488,1.4240790865300261,0.00020104460418224335,0059.jpg
4032,3024,0.01592607982456684,0.08084458112716675,0.004815686494112015,0.004815686494112015,0.004815686494112015,0.008737255819141865,0.008737255819141865,0.008737255819141865,0.19565097987651825,0.9866716893161586,0.988309135382548,0.0002366976883345931,0.01817316748201847,0.017586899921298027,0.024822616949677467,0.08231977373361588,0.0793723315000534,0.08017486333847046,1.0333335738401892,1.411403127192995,0.0005238709272816777,0060.jpg
4032,3024,0.2845745384693146,0.21753817796707153,0.0067137256264686584,0.014556863345205784,0.034164708107709885,0.2629411816596985,0.6465215682983398,0.7188313603401184,0.7571529150009155,0.13281233596833794,0.2707984766051482,8.529646426471824e-06,0.3128631114959717,0.28325536847114563,0.2522129714488983,0.2264755815267563,0.216544508934021,0.19204676151275635,1.1045263101572316,0.890408829323781,0.001588262151926756,0061.jpg
4032,3024,0.06918361037969589,0.1316467821598053,0.0027921569999307394,0.0027921569999307394,0.0027921569999307394,0.02240000106394291,0.20816470682621002,0.34103527665138245,0.6746392250061035,0.7753787327045015,0.825882031053162,2.0257910262870582e-05,0.07788947969675064,0.06288556009531021,0.06538771837949753,0.1323697566986084,0.1260433942079544,0.12511618435382843,1.2385870618253032,1.0397884425606214,0.0007687087636440992,0062.jpg
4032,3024,0.02647443301975727,0.07757188379764557,0.0,0.0,0.0,0.0,0.07393725216388702,0.17023137211799622,0.37708234786987305,0.8742800650352733,0.918913982452549,5.782116087175611e-05,0.029260415583848953,0.025440527126193047,0.027099609375,0.07575248181819916,0.07119134068489075,0.09149344265460968,1.150143835262278,1.0652115826450868,0.0004135297203902155,0063.jpg
4032,3024,0.07704997062683105,0.12834951281547546,0.0,0.0,0.0,0.014556863345205784,0.26624709367752075,0.3539842963218689,0.588709831237793,0.6752099277210885,0.7561657041288737,0.0001224496357184849,0.08262937515974045,0.07258708775043488,0.07130952179431915,0.12565986812114716,0.11687465757131577,0.12583684921264648,1.1383462179611614,0.9823997849274095,0.0010124568361788988,0064.jpg
4032,3024,0.03122097998857498,0.10882126539945602,0.007843137718737125,0.007843137718737125,0.007843137718737125,0.007843137718737125,0.035101961344480515,0.07730196416378021,0.7225254774093628,0.9261664783583187,0.954888340367011,9.981326635592508e-05,0.03062409535050392,0.027626581490039825,0.030034547671675682,0.11517640203237534,0.10499721765518188,0.10410811007022858,1.1084971502679215,1.0871580519092474,0.001487715169787407,0065.jpg
4032,3024,0.08378583192825317,0.1432041972875595,0.0,0.0,0.0,0.034164708107709885,0.2477019727230072,0.44290199875831604,0.6284745335578918,0.5367569529740909,0.8047308863746115,8.201583102376753e-08,0.08723313361406326,0.07906398922204971,0.07956752926111221,0.14064666628837585,0.13307905197143555,0.13543468713760376,1.1033218934498423,1.0063686853564013,0.0004949647118337452,0066.jpg
4032,3024,0.03136065974831581,0.08714845776557922,0.01265882421284914,0.01265882421284914,0.01265882421284914,0.01265882421284914,0.02442353032529354,0.09000392258167267,0.5153294205665588,0.9143948281473083,0.9602565225550097,4.7405150331737636e-05,0.02870837040245533,0.02788611315190792,0.04299991577863693,0.08665391802787781,0.08657887578010559,0.08124928921461105,1.029485205086248,1.541963685678056,0.0002519890549592674,0067.jpg
4032,3024,0.10872558504343033,0.12785692512989044,0.003921568859368563,0.003921568859368563,0.007564706262201071,0.06726667284965515,0.3685961067676544,0.3909960985183716,0.41452550888061523,0.45864737195032335,0.6761756641313933,4.592886537330982e-06,0.11935168504714966,0.10219153016805649,0.09115935862064362,0.14275848865509033,0.12821559607982635,0.10424889624118805,1.1679198553052081,0.8920452255241125,0.0010919795604422688,0068.jpg
4032,3024,0.07589773088693619,0.1692964732646942,0.0011725490912795067,0.0011725490912795067,0.0011725490912795067,0.0067137256264686584,0.15326276421546936,0.5845098495483398,0.7771804332733154,0.7220067666341228,0.8140519035546318,2.5424907617367934e-06,0.07892939448356628,0.07255638390779495,0.07184184342622757,0.16481290757656097,0.16208556294441223,0.15817943215370178,1.087834073288393,0.990152063882631,0.0012340795947238803,0069.jpg
4032,3024,0.19098259508609772,0.18998168408870697,0.0011725490912795067,0.0027921569999307394,0.0027921569999307394,0.1533176600933075,0.4516901969909668,0.6082823872566223,0.6694666743278503,0.3868335721634333,0.44242644492210464,1.6403166204753505e-07,0.20323446393013,0.18129658699035645,0.17387840151786804,0.18821687996387482,0.1881943792104721,0.19601714611053467,1.121004792749616,0.9590828229121274,0.0012727051507681608,0070.jpg
4032,3024,0.09748117625713348,0.15761061012744904,0.0027921569999307394,0.0027921569999307394,0.0067137256264686584,0.03258823603391647,0.31318041682243347,0.4556117653846741,0.7693882584571838,0.5509100148547074,0.7286665341290838,3.526680734022004e-06,0.10362528264522552,0.09380041807889938,0.0880691409111023,0.15287810564041138,0.15104776620864868,0.14606207609176636,1.1047411091169446,0.9388998878143151,0.001873427419923246,0071.jpg
4032,3024,0.1381954550743103,0.14990924298763275,0.0,0.0,0.003921568859368563,0.09836078435182571,0.2628980576992035,0.4158823490142822,0.7042666673660278,0.3844940705834803,0.5072645522329302,6.56946806500378e-05,0.14555507898330688,0.13667790591716766,0.13398241996765137,0.15441614389419556,0.14654667675495148,0.13975761830806732,1.0649491083248728,0.9802786982275827,0.00174355146009475,0072.jpg
4032,3024,0.03056144341826439,0.05784841626882553,0.003921568859368563,0.003921568859368563,0.007843137718737125,0.014792158268392086,0.07478824257850647,0.0914117693901062,0.16990980505943298,0.8073475194475939,0.9621873392489712,3.3626490719744685e-05,0.03214937075972557,0.029071301221847534,0.02610931731760502,0.05957107990980148,0.05524742975831032,0.05351032689213753,1.1058763637040503,0.8981166340552149,0.0007085659890435636,0073.jpg
4032,3024,0.047387927770614624,0.13959601521492004,0.0,0.0027921569999307394,0.003921568859368563,0.015450980514287949,0.06302352994680405,0.16534902155399323,0.8657646775245667,0.8729612504724111,0.9360633286879567,1.3122532963802804e-06,0.049953754991292953,0.043753545731306076,0.045917809009552,0.13635629415512085,0.13530468940734863,0.14157399535179138,1.1417043453738949,1.0494637355290244,0.00047503141104243696,0074.jpg
4032,3024,0.038156088441610336,0.10321643203496933,0.000894117692951113,0.004815686494112015,0.004815686494112015,0.01265882421284914,0.055180393159389496,0.17023137211799622,0.6511359548568731,0.8930898217697573,0.9310796367157974,4.3386374611573025e-05,0.039411768317222595,0.03613828122615814,0.043000366538763046,0.10729376971721649,0.10055650770664215,0.09188629686832428,1.090579750897067,1.1898788542489889,0.0011259336024522781,0075.jpg
4032,3024,0.0914655551314354,0.1963243931531906,0.0067137256264686584,0.0067137256264686584,0.0067137256264686584,0.018478430807590485,0.2155294120311737,0.650718855857852,0.913658857345581,0.6906026588876292,0.8388503742546402,0.00015082711325270848,0.09488468617200851,0.08255769312381744,0.0829356387257576,0.19131389260292053,0.18629086017608643,0.18515555560588837,1.149311872339157,1.0045779019463563,0.002920042024925351,0076.jpg
4032,3024,0.04146314412355423,0.056168120354413986,0.000894117692951113,0.004815686494112015,0.0067137256264686584,0.020501961931586266,0.09742353856563568,0.13101568818092346,0.19925883412361145,0.7167085439499874,0.9077430982037877,5.158795771394978e-05,0.04462408646941185,0.04097826033830643,0.04138210788369179,0.05837005749344826,0.05486336350440979,0.04632748290896416,1.0889675924115545,1.0098549252000006,0.0015335092321038246,0077.jpg
4032,3024,0.019667252898216248,0.07930195331573486,0.004815686494112015,0.004815686494112015,0.004815686494112015,0.008737255819141865,0.01265882421284914,0.028345098719000816,0.3926548957824707,0.9652737590020576,0.9784142534328546,0.00022537950365331317,0.021502600982785225,0.021199261769652367,0.02959224209189415,0.08040226250886917,0.07745347917079926,0.07953505218029022,1.0143082767764255,1.395890409912585,0.0029548299498856068,0078.jpg
4032,3024,0.11292524635791779,0.18995612859725952,0.0076078432612121105,0.008737255819141865,0.010635294951498508,0.01658039353787899,0.3763294219970703,0.6360902786254883,0.8306000232696533,0.5890731292517006,0.7317341722568657,0.0002533469020324179,0.12067218869924545,0.10123725235462189,0.09259452670812607,0.18689140677452087,0.17347747087478638,0.1608647257089615,1.1919722623870077,0.9146298415324111,0.003200005041435361,0079.jpg
4032,3024,0.06131872162222862,0.11917880922555923,0.0067137256264686584,0.0067137256264686584,0.0067137256264686584,0.03024313785135746,0.148086279630661,0.27129805088043213,0.6402941346168518,0.8099796535126397,0.8633524397413286,1.697727702191988e-05,0.07014229148626328,0.057376254349946976,0.057977646589279175,0.1202804371714592,0.11370670050382614,0.10570415109395981,1.2224929944966616,1.0104813701203665,0.0011731107952073216,0080.jpg
4032,3024,0.1248817965388298,0.14253927767276764,0.0011725490912795067,0.0027921569999307394,0.0027921569999307394,0.06609412282705307,0.3026706278324127,0.38315296173095703,0.7010274529457092,0.33999433106575966,0.5910784983360629,0.000129831060510624,0.13621842861175537,0.12236054241657257,0.10565779358148575,0.14647336304187775,0.1391282081604004,0.13333243131637573,1.113253608294708,0.8634967449313175,0.002540440997108817,0081.jpg
4032,3024,0.2333638072013855,0.19703364372253418,0.0036862746346741915,0.0036862746346741915,0.0076078432612121105,0.191972553730011,0.5409922003746033,0.6259686946868896,0.757462739944458,0.17083569538926682,0.3504312556426892,6.733499727051315e-05,0.25155216455459595,0.22986555099487305,0.20846806466579437,0.20591069757938385,0.19423098862171173,0.1794583946466446,1.0943443640053858,0.9069134407051859,0.0009543033665977418,0082.jpg
4032,3024,0.013119029812514782,0.07366505265235901,0.003643137402832508,0.003643137402832508,0.003643137402832508,0.007564706262201071,0.007564706262201071,0.007564706262201071,0.035101961344480515,0.9904593444244982,0.9913681618480725,1.0662058033089778e-05,0.010899428278207779,0.01568601280450821,0.022716214880347252,0.07721246778964996,0.07105518132448196,0.07364258915185928,0.6948695978035512,1.4481542893761563,6.818082329118624e-05,0083.jpg
4032,3024,0.07601148635149002,0.11999823898077011,0.007329412270337343,0.01265882421284914,0.01568627543747425,0.031650982797145844,0.1405215710401535,0.19934509694576263,0.7217215895652771,0.5394290287488452,0.7593953235229277,0.0008085120622323003,0.08737047016620636,0.07592727243900299,0.07598486542701721,0.11962400376796722,0.11178566515445709,0.10935202986001968,1.150710629382438,1.0007585183511252,0.005331288557499647,0084.jpg
4032,3024,0.08854369819164276,0.17023377120494843,0.000894117692951113,0.004815686494112015,0.0076078432612121105,0.034164708107709885,0.20812156796455383,0.6127647757530212,0.7025725841522217,0.6952584515673553,0.8734119274638867,0.0,0.08620906621217728,0.0859999880194664,0.08600376546382904,0.1600508987903595,0.16171859204769135,0.16515663266181946,1.002431113845617,1.0000439232670417,0.0018476899713277817,0085.jpg
4032,3024,0.04347892105579376,0.11832085251808167,0.008737255819141865,0.008737255819141865,0.008737255819141865,0.01265882421284914,0.07180392742156982,0.23416472971439362,0.7105451226234436,0.8887838266093474,0.9135525255626942,0.00010399607373813723,0.04031189903616905,0.03763459622859955,0.0497448556125164,0.1176435649394989,0.11484541743993759,0.1250234842300415,1.0711375154337266,1.3217767379147878,0.0021912807133048773,0086.jpg
4032,3024,0.044681426137685776,0.1272582858800888,0.0,0.0,0.0,0.003921568859368563,0.09831765294075012,0.31722748279571533,0.683239221572876,0.8731475084246662,0.9014268130091543,6.561266481901402e-07,0.04485494643449783,0.041784293949604034,0.04301069676876068,0.13094456493854523,0.12371483445167542,0.11171498149633408,1.0734864397172177,1.0293501062990194,0.0005592513480223715,0087.jpg
4032,3024,0.098405621945858,0.2043963074684143,0.000894117692951113,0.000894117692951113,0.004815686494112015,0.008737255819141865,0.40416860580444336,0.6275922060012817,0.8898352980613708,0.7316271415973797,0.8131667066903923,7.832511862769799e-05,0.10274098813533783,0.09427198022603989,0.09130306541919708,0.21095481514930725,0.19825883209705353,0.17711713910102844,1.0898349441058472,0.9685072562708404,0.0024089706130325794,0088.jpg
4032,3024,0.11941132694482803,0.13690178096294403,0.004815686494112015,0.004815686494112015,0.004815686494112015,0.08122353255748749,0.31392157077789307,0.39623138308525085,0.6150118112564087,0.4311965912908373,0.554404545382968,3.526680734022004e-06,0.12498505413532257,0.11417892575263977,0.11082669347524643,0.14511597156524658,0.13836318254470825,0.12116274237632751,1.094641227969383,0.9706407912310642,0.000252949888817966,0089.jpg
4032,3024,0.160665363073349,0.21320194005966187,0.0036862746346741915,0.0036862746346741915,0.0036862746346741915,0.057694122195243835,0.524721622467041,0.5690314173698425,0.6437059640884399,0.45617885946817,0.7219491915207441,9.841899722852105e-07,0.15205679833889008,0.15832631289958954,0.1720018833875656,0.1965479999780655,0.20736421644687653,0.23543958365917206,0.9604015602495852,1.0863753084513539,0.003441052744165063,0090.jpg
4032,3024,0.17224101722240448,0.2722119987010956,0.0036862746346741915,0.0036862746346741915,0.0036862746346741915,0.04313725605607033,0.7423921823501587,0.7717411518096924,0.8457450866699219,0.5591248845217099,0.7301842370821785,0.0,0.1632336527109146,0.15576954185962677,0.1553516685962677,0.25845205783843994,0.24911755323410034,0.24765074253082275,1.0479173453605506,0.9973173794071049,0.00024762930115684867,0091.jpg
4032,3024,0.22148948907852173,0.22786670923233032,0.0036862746346741915,0.0076078432612121105,0.0076078432612121105,0.10294117778539658,0.5484784841537476,0.5989647507667542,0.7568510174751282,0.39471455538233813,0.49337443310657597,2.5670955110439238e-05,0.2078332155942917,0.20525476336479187,0.24151518940925598,0.22710329294204712,0.2269648164510727,0.28246986865997314,1.0125621428954337,1.176659721754171,0.004267657641321421,0092.jpg
4032,3024,0.1409040093421936,0.22943125665187836,0.0,0.003921568859368563,0.005137255415320396,0.042901962995529175,0.4473176598548889,0.8083255290985107,0.8701019287109375,0.5204647541887125,0.667185416797892,1.066205803308978e-06,0.1408866047859192,0.13295890390872955,0.13969974219799042,0.21626755595207214,0.21043331921100616,0.21941561996936798,1.059624748846326,1.0506982788878076,0.0032807299867272377,0093.jpg
4032,3024,0.2886731028556824,0.2208474725484848,0.0027921569999307394,0.008121568709611893,0.014556863345205784,0.2577686309814453,0.5768039226531982,0.6233725547790527,0.8007098436355591,0.18717890802154194,0.27813028181951793,0.0001270425222558159,0.2932538092136383,0.2824997305870056,0.2754485011100769,0.22037914395332336,0.21949616074562073,0.22812965512275696,1.0380674365134805,0.9750399602072638,0.0017548763426020741,0094.jpg
4032,3024,0.18020783364772797,0.2550217807292938,0.0,0.0,0.0,0.05372157320380211,0.6741961240768433,0.7771608233451843,0.8942784070968628,0.4635534769463341,0.6430586557539683,3.1412063282102964e-05,0.19298778474330902,0.16527341306209564,0.15339931845664978,0.28337404131889343,0.23402780294418335,0.22719067335128784,1.1676870071279621,0.9281552759108295,0.0142373600974679,0095.jpg
4032,3024,0.30033567547798157,0.3099491596221924,0.0,0.0,0.0011725490912795067,0.1330980509519577,0.742239236831665,0.7574784159660339,0.7766548991203308,0.3957041583994709,0.46862664819014027,0.0,0.29827141761779785,0.2892620265483856,0.29571211338043213,0.2898349463939667,0.30359259247779846,0.3394085466861725,1.0311460167478583,1.022298345243123,0.0015406162710860372,0096.jpg
4032,3024,0.18986669182777405,0.2417791783809662,0.0076078432612121105,0.008501960895955563,0.011529413051903248,0.09723137319087982,0.6265215873718262,0.8398902416229248,0.8737764954566956,0.27208538700974216,0.5220240391681364,8.201583102376753e-08,0.1857246309518814,0.18433338403701782,0.19573131203651428,0.2284064143896103,0.22674189507961273,0.22563479840755463,1.007547408597325,1.0618328916715154,0.00022999975772108883,0097.jpg
4032,3024,0.2058774083852768,0.23193813860416412,0.0011725490912795067,0.003921568859368563,0.0067137256264686584,0.08990588784217834,0.5847921967506409,0.6262000799179077,0.6868196129798889,0.3943810790133955,0.526925961356765,3.280633240950701e-07,0.1953538954257965,0.18783363699913025,0.22650687396526337,0.19994311034679413,0.23850364983081818,0.2932843863964081,1.0400365904117093,1.2058898059696637,0.01906709372997284,0098.jpg
4032,3024,0.29408958554267883,0.29125186800956726,0.0027921569999307394,0.0067137256264686584,0.010635294951498508,0.13399216532707214,0.7217646837234497,0.7714941501617432,0.8428470492362976,0.28218850715440497,0.4467452345521542,0.00038424416834635086,0.3000744581222534,0.26820701360702515,0.27952492237091064,0.27665746212005615,0.29345786571502686,0.30234432220458984,1.11881615350211,1.042198249827346,0.0018449292983859777,0099.jpg
4032,3024,0.15207234025001526,0.2325204312801361,0.0011725490912795067,0.0027921569999307394,0.0027921569999307394,0.01100000087171793,0.6043921709060669,0.6240000128746033,0.7265059351921082,0.5951086742567397,0.6831127271510457,1.6403166204753505e-07,0.15791060030460358,0.14395540952682495,0.15674981474876404,0.21229994297027588,0.21555250883102417,0.24781166017055511,1.0969403920509577,1.088876940345994,0.00535739166662097,0100.jpg
4032,3024,0.3040473163127899,0.28220316767692566,0.0011725490912795067,0.0027921569999307394,0.003921568859368563,0.1731647104024887,0.7220078706741333,0.7734509706497192,0.8206627368927002,0.263095549755396,0.41491095377194087,3.116601578903166e-06,0.3148406147956848,0.2949528098106384,0.30334529280662537,0.2882888615131378,0.27238351106643677,0.288923442363739,1.0674268455722422,1.028453550070687,0.0008392304298467934,0101.jpg
4032,3024,0.11957670003175735,0.1937102973461151,0.0036862746346741915,0.0036862746346741915,0.0036862746346741915,0.07338039577007294,0.2675294280052185,0.7402079105377197,0.8086039423942566,0.4262788400468212,0.6754290740215839,0.0,0.12757068872451782,0.12028061598539352,0.1258072406053543,0.1819571554660797,0.17744949460029602,0.18343418836593628,1.0606083704429907,1.0459473758702404,9.830005001276731e-05,0102.jpg
4032,3024,0.17402033507823944,0.2487744688987732,0.000894117692951113,0.004815686494112015,0.004815686494112015,0.020501961931586266,0.5918627977371216,0.7016274929046631,0.79905104637146,0.6209983655885194,0.6887165408215755,6.692491811539431e-05,0.16292046010494232,0.16304630041122437,0.1917446404695511,0.21662740409374237,0.21796025335788727,0.2750862240791321,0.9992281975477996,1.1760123595174292,0.0014677977887913585,0103.jpg
4032,3024,0.26456478238105774,0.23386265337467194,0.003921568859368563,0.0067137256264686584,0.010635294951498508,0.2890353202819824,0.63443922996521,0.6556078195571899,0.6901608109474182,0.3246438380521962,0.4400941607352818,2.132411606617956e-06,0.2836567163467407,0.2566012144088745,0.24190260469913483,0.234587624669075,0.22816993296146393,0.2454119175672531,1.1054375232115319,0.9427183052819699,0.0026584621518850327,0104.jpg
4032,3024,0.21395385265350342,0.24196894466876984,0.00223529408685863,0.007733333855867386,0.008905882947146893,0.05827843025326729,0.6076275110244751,0.6889058947563171,0.8000941872596741,0.47116085535294366,0.547240708590535,9.923915553875872e-06,0.18719488382339478,0.2002570480108261,0.23684737086296082,0.21448452770709991,0.23797424137592316,0.2916351556777954,0.9347733371158937,1.1827158669306344,0.007924279198050499,0105.jpg
4032,3024,0.3126593828201294,0.24036157131195068,0.0011725490912795067,0.0067137256264686584,0.011529413051903248,0.28161177039146423,0.6429294347763062,0.7014862895011902,0.8403451442718506,0.18528311208742756,0.27590429014970186,0.001461276061350466,0.2976222336292267,0.30356067419052124,0.3177342414855957,0.22046266496181488,0.2407563179731369,0.2642489969730377,0.9804374495656277,1.046690898424084,0.005285338964313269,0106.jpg
4032,3024,0.22051988542079926,0.14573310315608978,0.0036862746346741915,0.015450980514287949,0.03226666897535324,0.2001529484987259,0.42414119839668274,0.4640980660915375,0.6473804116249084,0.1323452558106576,0.21434829236478542,7.816108696565046e-05,0.2005084753036499,0.22538679838180542,0.2618005871772766,0.13857784867286682,0.14607027173042297,0.1829805225133896,0.8896199206133962,1.1615606037989086,0.0074265687726438046,0107.jpg
4032,3024,0.25993698835372925,0.23670850694179535,0.0036862746346741915,0.0076078432612121105,0.011529413051903248,0.23005883395671844,0.5842157602310181,0.8425019979476929,0.8905490636825562,0.24399611310573613,0.3381785005668934,0.0002819704270597128,0.2675158679485321,0.2517821490764618,0.2575092613697052,0.23360304534435272,0.23490799963474274,0.24231739342212677,1.0624891654972997,1.0227462096421083,0.011533818207681179,0108.jpg
4032,3024,0.09014459699392319,0.16961315274238586,0.004815686494112015,0.004815686494112015,0.004815686494112015,0.01265882421284914,0.3049490451812744,0.5426039695739746,0.7646902012825021,0.7025760680429579,0.7753856220343075,1.2466406315612665e-05,0.08672570437192917,0.08263002336025238,0.08536072075366974,0.16337868571281433,0.15638214349746704,0.1580250859260559,1.0495658996478907,1.0330468785496234,0.0007338898140005767,0109.jpg
4032,3024,0.22153814136981964,0.26589998602867126,0.0036862746346741915,0.0036862746346741915,0.0036862746346741915,0.0947333350777626,0.6345412135124207,0.8474118113517761,0.8987137675285339,0.3873595396877887,0.5181537941179558,8.956128747795414e-05,0.22764383256435394,0.21433986723423004,0.22506538033485413,0.27009567618370056,0.26783397793769836,0.27730292081832886,1.0620691961444078,1.0500395152777997,0.0021899191197007895,0110.jpg
4032,3024,0.245753675699234,0.24398106336593628,0.0036862746346741915,0.004815686494112015,0.008737255819141865,0.15270589292049408,0.6391294002532959,0.7654274702072144,0.832019567489624,0.21253032945431258,0.35336438780759216,2.2390321869488535e-05,0.24990692734718323,0.24462422728538513,0.2676517069339752,0.23780179023742676,0.23795850574970245,0.258008748292923,1.021595074720708,1.0941337077296844,0.001059250789694488,0111.jpg
4032,3024,0.2643430233001709,0.23489311337471008,0.0034745100419968367,0.011250980198383331,0.015964707359671593,0.1730235368013382,0.636349081993103,0.690011739730835,0.8159999847412109,0.16992851828231292,0.2869595320767196,1.164624800537499e-05,0.2660067677497864,0.25766506791114807,0.27318984270095825,0.23223111033439636,0.2228463739156723,0.24187512695789337,1.0323740720160126,1.0602515298799982,0.0007943397504277527,0112.jpg
4032,3024,0.22452135384082794,0.19662244617938995,0.002960784360766411,0.004815686494112015,0.008501960895955563,0.19305098056793213,0.5367490649223328,0.6742156744003296,0.7661490440368652,0.21397995926765767,0.32136771568195177,1.6403166204753505e-07,0.2294827103614807,0.2205926775932312,0.2309303730726242,0.1917441189289093,0.19579258561134338,0.2121688276529312,1.0403004875989352,1.046863063312519,0.002780822105705738,0113.jpg
4032,3024,0.20794497430324554,0.23614391684532166,0.0,0.0,0.0,0.12576863169670105,0.6778745055198669,0.7379215955734253,0.8277137279510498,0.360938221739313,0.45122001829281094,2.460474930713026e-07,0.21388986706733704,0.20448754727840424,0.19670012593269348,0.23856638371944427,0.22993402183055878,0.245168074965477,1.045979688907134,0.9619175672703644,0.0003558628086466342,0114.jpg
4032,3024,0.20036697387695312,0.20879924297332764,0.004301960580050945,0.008501960895955563,0.011529413051903248,0.10182353854179382,0.5841177105903625,0.646203875541687,0.7099961042404175,0.19708387791845133,0.49098244139476777,1.8863641135466533e-06,0.21907436847686768,0.189754456281662,0.19871211051940918,0.17934197187423706,0.2097901552915573,0.25272512435913086,1.1545141982725646,1.0472063065446242,0.014361036010086536,0115.jpg
4032,3024,0.2620067298412323,0.22121860086917877,0.004815686494112015,0.0076078432612121105,0.011529413051903248,0.24010981619358063,0.5950157046318054,0.7752745151519775,0.8939255475997925,0.18968629600760056,0.2878154492892836,2.8623525027294867e-05,0.2713165581226349,0.2511731684207916,0.2545848786830902,0.2230319380760193,0.21663464605808258,0.21042688190937042,1.080196900137028,1.0135830459149084,0.001075048348866403,0116.jpg
4032,3024,0.19249816238880157,0.23776713013648987,0.000894117692951113,0.0036862746346741915,0.012423530220985413,0.054901961237192154,0.6305725574493408,0.7259294390678406,0.7918549180030823,0.36178413302049217,0.6400619613200218,8.857709750566894e-06,0.1724543571472168,0.17201575636863708,0.18329092860221863,0.21343819797039032,0.21422608196735382,0.23772133886814117,1.0025497561274774,1.0655469413073835,0.0005750387208536267,0117.jpg
4032,3024,0.2670609652996063,0.29043346643447876,0.0,0.003921568859368563,0.004815686494112015,0.09298823773860931,0.7255216240882874,0.7634549140930176,0.8663451671600342,0.46130960582535485,0.5038387509710675,0.00040376393613000757,0.2454996407032013,0.25847142934799194,0.28680944442749023,0.28465908765792847,0.2941328287124634,0.32323816418647766,0.9498136467494327,1.1096365099789645,0.0056916275061666965,0118.jpg
4032,3024,0.27542176842689514,0.22042858600616455,0.0027921569999307394,0.0067137256264686584,0.010635294951498508,0.2351960986852646,0.5717254877090454,0.5954941511154175,0.7481058835983276,0.20512216750125975,0.3256556673595364,0.0,0.2808031439781189,0.26853665709495544,0.266414999961853,0.2085152268409729,0.2197636514902115,0.2714548408985138,1.0456788333370541,0.992099219319724,0.009115437977015972,0119.jpg
4032,3024,0.23205384612083435,0.24603626132011414,0.0011725490912795067,0.004647059366106987,0.008164705708622932,0.11750588566064835,0.7108039855957031,0.744882345199585,0.7925412058830261,0.2576350177416646,0.455250686308474,2.2390321869488535e-05,0.22943052649497986,0.22004826366901398,0.2148493528366089,0.2237856537103653,0.24652332067489624,0.29066452383995056,1.0426371016631901,0.9763738776230353,0.001800828380510211,0120.jpg
4032,3024,0.24195437133312225,0.2361575961112976,0.0,0.003921568859368563,0.007843137718737125,0.16064314544200897,0.6353843212127686,0.6694117784500122,0.8154863119125366,0.304994731303015,0.40451167446145125,2.3784590996892584e-06,0.2504538297653198,0.2337118536233902,0.22981905937194824,0.22918136417865753,0.23613141477108002,0.26430052518844604,1.0716348111897516,0.9833436878156694,0.0032022956293076277,0121.jpg
4032,3024,0.2542550563812256,0.22332514822483063,0.0027921569999307394,0.0076078432612121105,0.012980392202734947,0.1880509853363037,0.5578823685646057,0.6087765097618103,0.8006666898727417,0.2657756630815907,0.37084327365205344,2.9525699168556312e-06,0.24628368020057678,0.24375507235527039,0.2689758539199829,0.2044134885072708,0.22783617675304413,0.2735809087753296,1.0103735173481996,1.1034672954852736,0.0016984876710921526,0122.jpg
4032,3024,0.23443050682544708,0.2743918299674988,0.0,0.0034745100419968367,0.0067137256264686584,0.07579215615987778,0.7255529761314392,0.8074862957000732,0.8614941239356995,0.42365269313744014,0.5296159985985135,2.8049414210128496e-05,0.20737993717193604,0.2242593914270401,0.2547907829284668,0.2539433240890503,0.2859749495983124,0.3134515583515167,0.9247327887564329,1.1361425943616068,0.009974007494747639,0123.jpg
4032,3024,0.26729997992515564,0.23671714961528778,0.0027921569999307394,0.0067137256264686584,0.011529413051903248,0.21201568841934204,0.6444745659828186,0.6909765005111694,0.7845842838287354,0.2517864688313597,0.3882353047314605,6.561266481901402e-07,0.2751050889492035,0.24880504608154297,0.25108423829078674,0.23953646421432495,0.2365526407957077,0.2559839189052582,1.105704999061964,1.0091605177813756,0.0053510600700974464,0124.jpg
4032,3024,0.07385001331567764,0.12463632971048355,0.0027921569999307394,0.003921568859368563,0.003921568859368563,0.010635294951498508,0.16910196840763092,0.2572745084762573,0.6544157266616821,0.6362724198475687,0.7048035359977324,9.587650646678424e-05,0.08068753778934479,0.06681322306394577,0.06050146743655205,0.12307620793581009,0.11327912658452988,0.10834583640098572,1.2076551082861557,0.9055327542856715,0.0007961638038977981,0125.jpg
4032,3024,0.010805288329720497,0.05922427028417587,0.000894117692951113,0.000894117692951113,0.000894117692951113,0.004815686494112015,0.008737255819141865,0.020501961931586266,0.0697803944349289,0.9822820380081044,0.9947259719860166,0.00012441801566305535,0.010805940255522728,0.010793452151119709,0.020726799964904785,0.05761308968067169,0.058733195066452026,0.06317722797393799,1.0011569002509983,1.920227138415236,0.00024848495377227664,0126.jpg
4032,3024,0.022669311612844467,0.07905522733926773,0.000894117692951113,0.000894117692951113,0.000894117692951113,0.004815686494112015,0.04771764948964119,0.09420391917228699,0.2507529556751251,0.9022211363326195,0.9560258179274796,0.00014615221088435374,0.022227901965379715,0.0214348454028368,0.031127257272601128,0.07329106330871582,0.07797998189926147,0.08799771964550018,1.0369967476271293,1.4521590675626743,0.0001786908833310008,0127.jpg
4032,3024,0.04147196188569069,0.13007919490337372,0.004815686494112015,0.008737255819141865,0.008737255819141865,0.008737255819141865,0.05556078627705574,0.08507844060659409,0.8741019368171692,0.8837996425422021,0.9572173439205929,4.281226379440665e-05,0.03751065954566002,0.03813590481877327,0.04521561041474342,0.12532585859298706,0.12928268313407898,0.13234491646289825,0.983605243370315,1.1856392287106923,0.0011865712003782392,0128.jpg
4032,3024,0.05516901984810829,0.13269324600696564,0.004815686494112015,0.008737255819141865,0.008737255819141865,0.01265882421284914,0.21658040583133698,0.32828235626220703,0.8641882538795471,0.8590494791666666,0.8757333855610145,0.000264255007558579,0.05065550282597542,0.049823448061943054,0.05649903416633606,0.12925007939338684,0.12808237969875336,0.133302241563797,1.0166997286753268,1.1339821385696784,0.0009435832616873085,0129.jpg
4032,3024,0.019776970148086548,0.11645613610744476,0.000894117692951113,0.000894117692951113,0.000894117692951113,0.003643137402832508,0.007564706262201071,0.008737255819141865,0.9203333258628845,0.9774303095080625,0.9805768468652893,5.273617934828252e-05,0.017416203394532204,0.018328281119465828,0.024762848392128944,0.11935966461896896,0.11308939009904861,0.11763724684715271,0.9502393073144046,1.3510539901005478,0.000196415203390643,0130.jpg
4032,3024,0.06942113488912582,0.06295773386955261,0.01265882421284914,0.01265882421284914,0.01265882421284914,0.07399608194828033,0.13030588626861572,0.1887490302324295,0.28634119033813477,0.4322262180335097,0.7692653546758209,6.561266481901402e-07,0.06384395807981491,0.0645829290151596,0.0760708674788475,0.06439805775880814,0.06589286029338837,0.07206418365240097,0.9885579749232779,1.1778761162237648,0.0002727793762460351,0131.jpg
4032,3024,0.1342603713274002,0.14915567636489868,0.000894117692951113,0.000894117692951113,0.0020666667260229588,0.09389019757509232,0.3449568748474121,0.40340784192085266,0.6597568988800049,0.4276477662824389,0.5132930438765012,0.0014037009479717813,0.136441171169281,0.12979617714881897,0.13344675302505493,0.1505216360092163,0.14748339354991913,0.14521558582782745,1.0511952121488992,1.0281252332017237,0.003816768527030945,0132.jpg
4032,3024,0.013851936906576157,0.0856742113828659,0.000894117692951113,0.000894117692951113,0.000894117692951113,0.000894117692951113,0.003921568859368563,0.016901960596442223,0.5303763955831545,0.9644118546338288,0.9757151124338624,0.0001442658467708071,0.014336234889924526,0.012454013340175152,0.021499957889318466,0.08930213749408722,0.08294463902711868,0.08578283339738846,1.1511216004625255,1.7262894307760015,0.0010640888940542936,0133.jpg
4032,3024,0.013074865564703941,0.045765772461891174,0.000894117692951113,0.000894117692951113,0.000894117692951113,0.004815686494112015,0.0311372559517622,0.035058826208114624,0.050745099782943726,0.9898362701562107,0.9945593158173763,4.223815297724028e-05,0.013641228899359703,0.012088420800864697,0.022215574979782104,0.04331069812178612,0.04461321234703064,0.04960222914814949,1.128443547798745,1.8376872925287757,0.0007409109966829419,0134.jpg
4032,3024,0.018125636503100395,0.09107983857393265,0.0,0.0,0.0,0.0,0.01658039353787899,0.054666668176651,0.6305333375930786,0.9465247759983623,0.9618302423206937,0.00010465220038632736,0.018543459475040436,0.017484547570347786,0.02161366306245327,0.09006324410438538,0.08687034249305725,0.10691158473491669,1.060559264754646,1.2361444773458334,0.0013991895830258727,0135.jpg
4032,3024,0.007314285263419151,0.06188710778951645,0.0,0.0,0.0,0.0,0.0,0.0027921569999307394,0.2401019389927396,0.9786602189100949,0.9838061381960191,7.520851704879483e-05,0.00808950699865818,0.007106611505150795,0.006648280192166567,0.06603816896677017,0.061264798045158386,0.0591716542840004,1.1382877346060758,0.9355154241826412,0.0011303091887384653,0136.jpg
4032,3024,0.017886046320199966,0.09668557345867157,0.0,0.0,0.0,0.0,0.01265882421284914,0.039149023592472076,0.6519019412994393,0.9564619781168641,0.965740921175569,0.0010549696344587217,0.018973125144839287,0.017065513879060745,0.019992563873529434,0.09832447022199631,0.09388674050569534,0.1001705527305603,1.1117750982594652,1.171508371024732,0.003207950619980693,0137.jpg
4032,3024,0.0558529868721962,0.1320182830095291,0.0036862746346741915,0.0076078432612121105,0.0076078432612121105,0.011529413051903248,0.14075687527656555,0.29780393838882446,0.7202862501144409,0.8223721635644998,0.875596993234022,0.0011637226263962375,0.05911805108189583,0.04938291758298874,0.05459948256611824,0.13117849826812744,0.12845160067081451,0.12315744906663895,1.1971316569315786,1.1056328707491292,0.006604165770113468,0138.jpg
4032,3024,0.05910549312829971,0.17296937108039856,0.000894117692951113,0.000894117692951113,0.000894117692951113,0.000894117692951113,0.17717255651950836,0.5173882842063904,0.8313059210777283,0.8652013226200974,0.8839508797346098,0.0013526050852439742,0.06076442077755928,0.05623295530676842,0.06543222069740295,0.17271676659584045,0.16604281961917877,0.1731189489364624,1.080582371381681,1.1635891578397883,0.005297884810715914,0139.jpg
4032,3024,0.05483366176486015,0.11039374768733978,0.011529413051903248,0.0117647061124444,0.0117647061124444,0.019372548907995224,0.10989020019769669,0.1984509825706482,0.8066784739494324,0.7248206477807172,0.8835666355662636,1.4762849584278156e-05,0.061761923134326935,0.045906417071819305,0.054926320910453796,0.11631515622138977,0.10264360159635544,0.11916328221559525,1.3453800512824032,1.196480316558072,0.0011120690032839775,0140.jpg
4032,3024,0.0479365736246109,0.14669300615787506,0.010635294951498508,0.01265882421284914,0.01265882421284914,0.01265882421284914,0.0437372587621212,0.1384705901145935,0.9287686347961426,0.9101591205540859,0.9438436784821953,0.0017589115121357185,0.04956323280930519,0.04397667944431305,0.04937012121081352,0.14461512863636017,0.14600412547588348,0.1418803483247757,1.1270315631834587,1.122640435663049,0.002282220870256424,0141.jpg
4032,3024,0.02753176912665367,0.09235910326242447,0.0,0.0,0.0,0.0,0.06698823720216751,0.1410352885723114,0.5253843665122986,0.8854789986982448,0.9311804341721256,3.280633240950701e-06,0.030384374782443047,0.02548140287399292,0.024120256304740906,0.10092253237962723,0.08760523796081543,0.08410792052745819,1.1924061844832556,0.9465848422543706,0.000860347121488303,0142.jpg
4032,3024,0.07641248404979706,0.13119474053382874,0.0,0.0,0.0,0.003921568859368563,0.29440784454345703,0.34291765093803406,0.5093686580657959,0.7071629674246241,0.7516403986363064,1.8863641135466533e-06,0.08366334438323975,0.07214713096618652,0.06720218062400818,0.13537926971912384,0.1196352019906044,0.125325545668602,1.1596190124793462,0.9314611442326083,0.000597239937633276,0143.jpg
4032,3024,0.1026369258761406,0.1906452476978302,0.0,0.0,0.0011725490912795067,0.03840784728527069,0.28116080164909363,0.6517019867897034,0.8631725907325745,0.589878114633199,0.807396318867053,0.00037251590450995215,0.11819504201412201,0.09144748002290726,0.08432231098413467,0.1977338343858719,0.1817951202392578,0.16825072467327118,1.292487769993713,0.9220854295556605,0.007663373369723558,0144.jpg
4032,3024,0.03610072284936905,0.1133134514093399,0.000894117692951113,0.000894117692951113,0.000894117692951113,0.0034745100419968367,0.10081961005926132,0.16493335366249084,0.8070745468139648,0.8426764947877299,0.8994896810962039,6.233203157806332e-06,0.044745247811079025,0.03021317720413208,0.03384266793727875,0.1256752908229828,0.10283796489238739,0.1103348508477211,1.4809686032078857,1.120125420216649,0.0002548640186432749,0145.jpg
4032,3024,0.16351817548274994,0.23640893399715424,0.0036862746346741915,0.0036862746346741915,0.0036862746346741915,0.042901962995529175,0.5184667110443115,0.740403950214386,0.922270655632019,0.5326505843463929,0.6537385932382213,0.0003259309124884522,0.17394006252288818,0.15531133115291595,0.14998820424079895,0.2208203673362732,0.21511240303516388,0.21116681396961212,1.1199436724160101,0.9657263085770311,0.0006953990086913109,0146.jpg
4032,3024,0.2053084820508957,0.2261282354593277,0.0027921569999307394,0.0027921569999307394,0.006031372584402561,0.0907568708062172,0.4973568618297577,0.7055333852767944,0.8129608035087585,0.4313086249160158,0.5124254804159318,1.828953031830016e-05,0.23234209418296814,0.20216412842273712,0.18101608753204346,0.2440444380044937,0.228308767080307,0.20638613402843475,1.1492738435934777,0.8953922417002003,0.0061431992799043655,0147.jpg
4032,3024,0.022758914157748222,0.07044576853513718,0.003921568859368563,0.003921568859368563,0.003921568859368563,0.007843137718737125,0.018478430807590485,0.10993333160877228,0.3448196351528168,0.9246876509091291,0.9453498992189469,8.84130658436214e-05,0.024420544505119324,0.021501939743757248,0.0215000007301569,0.08484568446874619,0.06509283930063248,0.05412367731332779,1.1357304999289415,0.9999098256506572,0.00041896788752637804,0148.jpg
4032,3024,0.1037258505821228,0.08549868315458298,0.0076078432612121105,0.011529413051903248,0.019372548907995224,0.08906666934490204,0.20407451689243317,0.2500862777233124,0.45897647738456726,0.1997139615877215,0.6227019164147141,2.52608759553204e-05,0.11249498277902603,0.10264190286397934,0.09922020882368088,0.08791691809892654,0.08486507833003998,0.07760484516620636,1.0959937768722678,0.9666640951802304,0.00026553633506409824,0149.jpg
4032,3024,0.07263289391994476,0.20739537477493286,0.0,0.0,0.0011725490912795067,0.003921568859368563,0.18325099349021912,0.7219686508178711,0.8906705975532532,0.8656845598964895,0.8953545249118166,5.495060678592425e-06,0.07389964908361435,0.06876584887504578,0.06268156319856644,0.21120989322662354,0.2003556787967682,0.18254432082176208,1.0746551614993591,0.9115229827160626,0.00047182582784444094,0150.jpg
4032,3024,0.1318594217300415,0.19673895835876465,0.000894117692951113,0.000894117692951113,0.000894117692951113,0.000894117692951113,0.4509882628917694,0.499094158411026,0.5843765139579773,0.6806538105211221,0.6913564663905686,0.0,0.12206292152404785,0.13081109523773193,0.1484377533197403,0.1615082323551178,0.20736421644687653,0.20736421644687653,0.9331241220638997,1.1347479225829575,0.0003234812174923718,0151.jpg
4032,3024,0.07495206594467163,0.12789388000965118,0.0,0.003921568859368563,0.003921568859368563,0.0313725508749485,0.2201215773820877,0.32860392332077026,0.7137489914894104,0.7339320324966406,0.8052410248435794,1.6403166204753505e-07,0.08261825144290924,0.07477261126041412,0.0646214634180069,0.13190597295761108,0.11874483525753021,0.10750335454940796,1.1049252543811359,0.8642415730456857,0.001741113723255694,0152.jpg
4032,3024,0.07842990756034851,0.19982852041721344,0.004815686494112015,0.004815686494112015,0.004815686494112015,0.009058823809027672,0.15287844836711884,0.747780442237854,0.8078000545501709,0.8414460932907113,0.8820476203598724,0.0,0.0815504714846611,0.06633643060922623,0.0701821967959404,0.20907719433307648,0.18425317108631134,0.19754812121391296,1.2293432340642827,1.0579727938118137,0.00016290850180666894,0153.jpg
4032,3024,0.02137213945388794,0.0687197744846344,0.0,0.000894117692951113,0.000894117692951113,0.000894117692951113,0.06330588459968567,0.11776470392942429,0.2423725575208664,0.8764945744887461,0.9349195359084992,2.517886012429663e-05,0.029780371114611626,0.017022982239723206,0.02165420912206173,0.07879562675952911,0.06413908302783966,0.05786344036459923,1.7493774779158746,1.2720413365758905,0.00017264025518670678,0154.jpg
4032,3024,0.06081739068031311,0.1537541151046753,0.003921568859368563,0.003921568859368563,0.007843137718737125,0.007843137718737125,0.15568667501216132,0.3960117697715759,0.8866274952888489,0.858781451430881,0.8916028747532964,1.5500992063492063e-05,0.05310910940170288,0.055511798709630966,0.06246783956885338,0.1367502212524414,0.15058399736881256,0.1721455454826355,0.9567182818417108,1.1253051732377457,0.0003670098667498678,0155.jpg
4032,3024,0.1759137511253357,0.224775031208992,0.0011725490912795067,0.0011725490912795067,0.0027921569999307394,0.042007844895124435,0.5649333596229553,0.654976487159729,0.7580235600471497,0.5169834282092467,0.5760646803088519,6.3152189888301e-06,0.17309844493865967,0.17137187719345093,0.17244258522987366,0.2145649939775467,0.22035817801952362,0.22294870018959045,1.0100749183504676,1.0062478266920505,0.0018153957789763808,0156.jpg
4032,3024,0.023408664390444756,0.11433371156454086,0.0,0.0,0.0,0.0,0.003921568859368563,0.07557255029678345,0.7563019394874573,0.9388505546894684,0.955630255574452,1.722332451499118e-05,0.02389678545296192,0.022700710222125053,0.02565019764006138,0.11277973651885986,0.11119337379932404,0.12412609905004501,1.0526865693876744,1.1299235779629395,0.0007412778795696795,0157.jpg
4032,3024,0.054452698677778244,0.16668766736984253,0.0,0.0,0.0,0.0,0.12037255614995956,0.4342195987701416,0.8743176460266113,0.8627141105284707,0.8908241344377257,6.405436402956244e-05,0.059491511434316635,0.0518917590379715,0.05264195799827576,0.17236675322055817,0.1555635929107666,0.1568686068058014,1.146451114514535,1.0144567175500403,0.003130926750600338,0158.jpg
4032,3024,0.008864431641995907,0.05839422717690468,0.0,0.0,0.0,0.0,0.008121568709611893,0.019886275753378868,0.2166392207145691,0.979626939510372,0.9838666658793147,1.066205803308978e-06,0.01151906605809927,0.00873095728456974,0.005280863959342241,0.06856710463762283,0.05759652331471443,0.0387292206287384,1.3192994059254508,0.6048888911396572,0.0006174486479721963,0159.jpg
4032,3024,0.08042924106121063,0.1936560720205307,0.000894117692951113,0.000894117692951113,0.000894117692951113,0.010635294951498508,0.19139216840267181,0.6119372844696045,0.9290000200271606,0.8121727568342152,0.8513537697100445,0.00020955044826572605,0.08617627620697021,0.07349025458097458,0.08135693520307541,0.18803390860557556,0.1819867044687271,0.18975014984607697,1.1726194728655481,1.1070424047997862,0.003914922010153532,0160.jpg
4032,3024,0.02619335800409317,0.09069851785898209,0.000894117692951113,0.000894117692951113,0.000894117692951113,0.000894117692951113,0.05040000379085541,0.16460001468658447,0.5139372944831848,0.8996151653176703,0.9305215189856807,1.6403166204753505e-07,0.027369579300284386,0.02270234376192093,0.038616374135017395,0.09358015656471252,0.08488664776086807,0.1187838613986969,1.2055748081563014,1.700955354417361,0.0015775371575728059,0161.jpg
4032,3024,0.1184874102473259,0.20531153678894043,0.0036862746346741915,0.0036862746346741915,0.0036862746346741915,0.004815686494112015,0.5847333669662476,0.623431384563446,0.6558353304862976,0.6664722071313093,0.7087787613116234,2.3784590996892584e-06,0.11269183456897736,0.11377239972352982,0.12993820011615753,0.17097942531108856,0.1856834441423416,0.22784127295017242,0.9905024798663111,1.14208769740476,0.002171498956158757,0162.jpg
4032,3024,0.1580152064561844,0.21802441775798798,0.0027921569999307394,0.0027921569999307394,0.0027921569999307394,0.05438823625445366,0.4907451272010803,0.6634039878845215,0.9016823172569275,0.46320925650352734,0.6481275621745611,0.0010910566001091796,0.16343268752098083,0.1480027288198471,0.15943296253681183,0.2073943167924881,0.20970875024795532,0.21594855189323425,1.1042538510628699,1.077229363125559,0.0012107152724638581,0163.jpg
4032,3024,0.17027390003204346,0.15028738975524902,0.0027921569999307394,0.0067137256264686584,0.0067137256264686584,0.11713334172964096,0.3525215685367584,0.415031373500824,0.49794119596481323,0.3596905149019484,0.4736421623047367,0.00014229746682623668,0.181159108877182,0.16222819685935974,0.1499665230512619,0.1597239375114441,0.1486862450838089,0.13754208385944366,1.1166923857376543,0.9244175891548808,0.0006150027620606124,0164.jpg
4032,3024,0.17257998883724213,0.1801115870475769,0.0076078432612121105,0.0076078432612121105,0.0076078432612121105,0.09360392391681671,0.4597725570201874,0.5527999997138977,0.6504941582679749,0.3129250880521962,0.5526626931636852,5.716503422356597e-05,0.19728639721870422,0.16839659214019775,0.1186319962143898,0.2214050590991974,0.17818790674209595,0.13083849847316742,1.1715571149880488,0.7044815469547989,0.0008692114497534931,0165.jpg
4032,3024,0.01816774532198906,0.08064039796590805,0.008737255819141865,0.008737255819141865,0.008737255819141865,0.008737255819141865,0.008737255819141865,0.01265882421284914,0.43808886766433774,0.9842116244646006,0.9850349813922482,0.00030559098639455784,0.020486121997237206,0.02013305202126503,0.029378509148955345,0.07916729897260666,0.08078513294458389,0.0847121849656105,1.0175359622394575,1.4591950551198298,0.00031598660279996693,0166.jpg
4032,3024,0.059225380420684814,0.09661614894866943,0.0076078432612121105,0.0076078432612121105,0.0076078432612121105,0.020588235929608345,0.12609019875526428,0.2427176535129547,0.5260392427444458,0.6615416614176535,0.8625970739375998,1.4024707105064248e-05,0.06673359125852585,0.05475493147969246,0.05709707736968994,0.10161517560482025,0.09441398084163666,0.07581738382577896,1.2187646060459396,1.0427742863047837,0.0006342696724459529,0167.jpg
4032,3024,0.05887041985988617,0.1181582510471344,0.0,0.000894117692951113,0.000894117692951113,0.007329412270337343,0.17319215834140778,0.2890980541706085,0.5855647325515747,0.7129915864879902,0.8078875936948854,0.0005546730652137398,0.06526904553174973,0.054820213466882706,0.053575534373521805,0.12700335681438446,0.11086447536945343,0.1017790362238884,1.1905983360105503,0.9772956668660243,0.003178233280777931,0168.jpg
4032,3024,0.03692907840013504,0.10103985667228699,0.0,0.0,0.0,0.003921568859368563,0.06849019974470139,0.172203928232193,0.5523255467414856,0.8363700514928194,0.9341927936297976,0.0010753915763836398,0.039436452090740204,0.03683188557624817,0.036737073212862015,0.09822285920381546,0.10003764182329178,0.1037304624915123,1.070713072672525,0.9974258773945397,0.0025649312883615494,0169.jpg
4032,3024,0.009016575291752815,0.06713017076253891,0.000894117692951113,0.000894117692951113,0.000894117692951113,0.000894117692951113,0.004815686494112015,0.004815686494112015,0.24306274950504303,0.9786125677122701,0.9846203093505921,1.6813245359872342e-05,0.008304665796458721,0.008532043546438217,0.019517341628670692,0.0671573281288147,0.06713250279426575,0.06658192723989487,0.9733532650170986,2.28738333777962,0.00017349389963783324,0170.jpg
4032,3024,0.0605657584965229,0.1416880041360855,0.0,0.0,0.0,0.007843137718737125,0.19196471571922302,0.34451764822006226,0.7994300264120108,0.7699010593820862,0.8452859104675821,0.0034445008713361886,0.0628819391131401,0.05820733681321144,0.06038114055991173,0.13878928124904633,0.1343183070421219,0.13993853330612183,1.0803081234725758,1.0373452303520705,0.0012465708423405886,0171.jpg
4032,3024,0.012579741887748241,0.07697992026805878,0.000894117692951113,0.000894117692951113,0.000894117692951113,0.004815686494112015,0.008737255819141865,0.008737255819141865,0.1560627520084381,0.9838671579743008,0.9892274666425213,0.0005362195032333921,0.011866693384945393,0.011545887216925621,0.02145357057452202,0.07923606038093567,0.07615409046411514,0.07205381989479065,1.0277829134374439,1.8580393288221912,0.0016170958988368511,0172.jpg
4032,3024,0.15011632442474365,0.20705610513687134,0.0027921569999307394,0.0076078432612121105,0.0076078432612121105,0.06647451221942902,0.5529098510742188,0.6365451216697693,0.7302823662757874,0.4489596619897959,0.6540253205834803,4.920949861426052e-07,0.1651260256767273,0.14532315731048584,0.13748371601104736,0.2208292931318283,0.2052488625049591,0.1782936304807663,1.1362668721617462,0.9460554842049456,0.00028922935598529875,0173.jpg
4032,3024,0.12676940858364105,0.15959928929805756,0.0,0.0,0.0011725490912795067,0.03953725844621658,0.3496784269809723,0.4228627681732178,0.6336902379989624,0.5229764890138154,0.6128441056206433,0.0005589378884269758,0.12921150028705597,0.12121916562318802,0.12909561395645142,0.1556357592344284,0.1578807830810547,0.16533546149730682,1.0659323852824296,1.0649763865011312,0.000906717381440103,0174.jpg
4032,3024,0.04240180179476738,0.11363120377063751,0.0,0.0,0.0,0.0,0.1408313810825348,0.2120039314031601,0.705082356929779,0.8243942638783909,0.8672311324221046,2.2144274376417234e-06,0.046474333852529526,0.040730275213718414,0.04122961685061455,0.11255329847335815,0.10897747427225113,0.11757773905992508,1.141023294966137,1.0122594157505767,0.0006752180634066463,0175.jpg
4032,3024,0.09235474467277527,0.19393321871757507,0.0,0.0,0.0,0.003921568859368563,0.4351058900356293,0.4677608013153076,0.7969804406166077,0.8107904620181405,0.8121277301429831,0.0001561581422692534,0.11427747458219528,0.08719334751367569,0.032217662781476974,0.22007665038108826,0.17714157700538635,0.1388167291879654,1.310617922386215,0.3695040297930293,0.0004704089951701462,0176.jpg
4032,3024,0.20243383944034576,0.3258904218673706,0.000894117692951113,0.000894117692951113,0.000894117692951113,0.0067137256264686584,0.7653765082359314,0.7801176905632019,0.8064157366752625,0.7120355279457462,0.7342484495727303,9.021741412614429e-07,0.21266883611679077,0.19035449624061584,0.17531438171863556,0.31177231669425964,0.2941376566886902,0.2589981257915497,1.117224563077332,0.9209893340669866,0.0008888929150998592,0177.jpg
4032,3024,0.04169311746954918,0.09407097846269608,0.008737255819141865,0.008737255819141865,0.008737255819141865,0.01265882421284914,0.10607843846082687,0.24400000274181366,0.49416473507881165,0.8546029908877131,0.8970188721707819,6.979547220122616e-05,0.046442482620477676,0.03867737576365471,0.04246989265084267,0.10730715841054916,0.08897797763347626,0.06893499940633774,1.2007609343337442,1.0980526408441305,0.00040749076288193464,0178.jpg
4032,3024,0.02132984809577465,0.08489324897527695,0.000894117692951113,0.000894117692951113,0.004815686494112015,0.008737255819141865,0.015494117513298988,0.03060784377157688,0.4824706017971039,0.9564058792884438,0.9698489301198875,5.9051398337112624e-06,0.022188261151313782,0.021175770089030266,0.028528332710266113,0.0935702919960022,0.08097421377897263,0.07672876864671707,1.0478114017400602,1.3471994355288643,0.001450264360755682,0179.jpg
4032,3024,0.028208380565047264,0.09920933097600937,0.000894117692951113,0.000894117692951113,0.000894117692951113,0.004815686494112015,0.020501961931586266,0.14024314284324646,0.6190823912620544,0.9193293926366843,0.9392855666572184,0.0,0.02763572707772255,0.023993102833628654,0.03055887296795845,0.10713054239749908,0.09406556934118271,0.088480144739151,1.1518133130190897,1.2736409933664041,8.48349736770615e-05,0180.jpg
4032,3024,0.06979744881391525,0.1822483390569687,0.0,0.0,0.0,0.02240000106394291,0.07338039577007294,0.3758352994918823,0.9218548536300659,0.8077695729140422,0.9123136764350802,0.00044854457986898464,0.0671585276722908,0.07107215374708176,0.07808882743120193,0.1705479919910431,0.17881454527378082,0.19128833711147308,0.9449352411078051,1.0987246704865448,0.0011687238002195954,0181.jpg
4032,3024,0.042781054973602295,0.08047500252723694,0.004815686494112015,0.008737255819141865,0.008737255819141865,0.01265882421284914,0.11651765555143356,0.21146275103092194,0.3985019624233246,0.7940275743785168,0.8790333745380868,0.00011252572016460906,0.039977215230464935,0.04129399359226227,0.0520431287586689,0.07264990359544754,0.08064580708742142,0.08614874631166458,0.9681128813144054,1.2603011704649052,0.0012551818508654833,0182.jpg
4032,3024,0.07117710262537003,0.08286032825708389,0.01265882421284914,0.01265882421284914,0.01265882421284914,0.0313725508749485,0.18867844343185425,0.24795687198638916,0.30845099687576294,0.587435027058663,0.751511305718275,0.0005182580362391871,0.08694653958082199,0.06050270050764084,0.044249143451452255,0.10530463606119156,0.07403786480426788,0.03780527412891388,1.4370615160942368,0.7313625956789871,8.82034728419967e-05,0183.jpg
4032,3024,0.023905783891677856,0.11139550060033798,0.0,0.0,0.0,0.0,0.014556863345205784,0.10602352768182755,0.7331451177597046,0.9418215781683044,0.949260167994667,2.1488147728227093e-05,0.02490544691681862,0.023099269717931747,0.026418929919600487,0.11110088229179382,0.1069597452878952,0.12293800711631775,1.0781885761915937,1.143706555906221,0.0019021122716367245,0184.jpg
4032,3024,0.011420654132962227,0.05535154417157173,0.0,0.0,0.0,0.0,0.008737255819141865,0.06240000203251839,0.21495294570922852,0.941047676786764,0.9721117468978332,0.00011129548269925254,0.011659233830869198,0.011334381066262722,0.01437223982065916,0.0530809722840786,0.05377093330025673,0.06449993699789047,1.0286583011817159,1.2679979381935345,0.0010826365323737264,0185.jpg
4032,3024,0.014028960838913918,0.07623796164989471,0.0,0.0,0.0,0.0011725490912795067,0.01568627543747425,0.036898043006658554,0.2940457400679594,0.9644858329134123,0.983150257595322,0.0003383153029730411,0.01580662839114666,0.012758488766849041,0.02033090591430664,0.07530854642391205,0.07349643111228943,0.0877305418252945,1.238891986974989,1.593473397392834,0.00022752450604457408,0186.jpg
4032,3024,0.06762617081403732,0.11885683983564377,0.01265882421284914,0.01265882421284914,0.01265882421284914,0.02442353032529354,0.10596863180398941,0.23284706473350525,0.6818078756332397,0.580023174393214,0.8884458393696985,0.0002486719996640632,0.06826944649219513,0.05871226266026497,0.06191938370466232,0.12220687419176102,0.11162517964839935,0.11491087079048157,1.1627772567712902,1.0546234513138004,0.0005824883701279759,0187.jpg
4032,3024,0.05992477014660835,0.1294674128293991,0.000894117692951113,0.0036862746346741915,0.004815686494112015,0.004815686494112015,0.22338825464248657,0.35969018936157227,0.6399922370910645,0.7684258406294616,0.8544138623813723,0.00013179944045519441,0.0679837018251419,0.05621535703539848,0.05550331622362137,0.14268583059310913,0.1252460777759552,0.10686079412698746,1.2093402242755271,0.9873339211338658,0.0005566643667407334,0188.jpg
4032,3024,0.06661953032016754,0.1323821246623993,0.000894117692951113,0.000894117692951113,0.000894117692951113,0.000894117692951113,0.24055294692516327,0.32926666736602783,0.6257647275924683,0.7299600878159906,0.7820794260991434,2.7065224237843283e-06,0.09466677159070969,0.055544693022966385,0.04262636974453926,0.18835778534412384,0.11575983464717865,0.08696316182613373,1.7043224494753817,0.7674288936662325,0.0006039273575879633,0189.jpg
4032,3024,0.03198826685547829,0.061001524329185486,0.008737255819141865,0.008737255819141865,0.008737255819141865,0.008737255819141865,0.06283137947320938,0.12229803949594498,0.2940196394920349,0.8439850573717141,0.9321639680177627,1.8863641135466533e-06,0.03755919262766838,0.030241213738918304,0.039260897785425186,0.06548295170068741,0.05570501461625099,0.05461552366614342,1.2419789421477656,1.2982481416332154,4.402954436955042e-05,0190.jpg
4032,3024,0.01891893707215786,0.09891945123672485,0.0,0.0,0.0,0.003921568859368563,0.012043138034641743,0.02760392241179943,0.7800364971160909,0.9637763139592257,0.9705586951215671,0.002453339553413958,0.020480431616306305,0.017137860879302025,0.02714668959379196,0.09807230532169342,0.09592697769403458,0.1298854947090149,1.1950287571935998,1.5839844774384761,0.00026229090872220695,0191.jpg
4032,3024,0.03852590546011925,0.13227127492427826,0.0,0.0,0.0,0.0036862746346741915,0.032015684992074966,0.2514744997024536,0.7283568978309631,0.9028758687116822,0.9095271885760478,1.722332451499118e-06,0.03607505187392235,0.031932298094034195,0.07155172526836395,0.12803137302398682,0.12089336663484573,0.2231564074754715,1.1297314723862522,2.2406932430738022,0.0008900989778339863,0192.jpg
4032,3024,0.026043960824608803,0.11318539083003998,0.000894117692951113,0.000894117692951113,0.000894117692951113,0.000894117692951113,0.004815686494112015,0.28193724155426025,0.8154313564300537,0.9413499051240867,0.9450163408341732,3.3708506550768457e-05,0.050317127257585526,0.014531765133142471,0.021501095965504646,0.2020111083984375,0.09199464321136475,0.09747983515262604,3.462391829537884,1.4795598613555225,0.0011387525591999292,0193.jpg
4032,3024,0.038873448967933655,0.11917606741189957,0.0,0.0,0.0,0.0,0.08678823709487915,0.25864705443382263,0.6387764811515808,0.8680396444843369,0.9071910496451667,0.001109510162089527,0.04467173293232918,0.0368398018181324,0.0341549813747406,0.13353490829467773,0.11272583901882172,0.10113538056612015,1.2125885086014072,0.9271237239448361,0.002087573055177927,0194.jpg
4032,3024,0.04887702316045761,0.04999755322933197,0.0,0.0,0.0,0.044199999421834946,0.11423137784004211,0.12934510409832,0.15769021213054657,0.5304285294364659,0.8393140917632486,5.6426891744352065e-05,0.048308394849300385,0.04672721400856972,0.06223123520612717,0.048537034541368484,0.048355717211961746,0.05958132818341255,1.0338378188483874,1.3317914353566795,0.0006275158957578242,0195.jpg
4032,3024,0.08754082024097443,0.14919984340667725,0.0,0.0,0.0,0.003921568859368563,0.30204707384109497,0.40800395607948303,0.6341215968132019,0.6878738281578063,0.7213057773263627,3.7645266439909296e-05,0.08664622157812119,0.08446606248617172,0.0970710963010788,0.13961713016033173,0.13405774533748627,0.16097401082515717,1.025810760168277,1.149230166693327,0.0033387592993676662,0196.jpg
4032,3024,0.01251097209751606,0.013746081851422787,0.0,0.0,0.0,0.007843137718737125,0.030800001695752144,0.04341568797826767,0.06212941184639931,0.9675077882233141,0.9990172042968422,0.0,0.01694764569401741,0.011967060156166553,0.008649910800158978,0.0160402599722147,0.013463655486702919,0.011838546954095364,1.416156459180614,0.7228331648802406,5.0552764150779694e-05,0197.jpg
4032,3024,0.033943191170692444,0.05561864748597145,0.0,0.0,0.003921568859368563,0.01568627543747425,0.14901961386203766,0.1921568661928177,0.21658040583133698,0.8755118608014193,0.888734042999916,0.0,0.03557648882269859,0.034954436123371124,0.03486625850200653,0.052309226244688034,0.05200129747390747,0.05265818163752556,1.0177955925691216,0.99747742751504,0.0003343552816659212,0198.jpg
4032,3024,0.028887653723359108,0.05083582177758217,0.0,0.0,0.0,0.0117647061124444,0.071482352912426,0.17736470699310303,0.23590980470180511,0.8820176025657176,0.9132283989984883,0.0,0.030900562182068825,0.02942812815308571,0.027537889778614044,0.046975936740636826,0.047707296907901764,0.051248159259557724,1.050033219513801,0.9357698140210291,0.00045176802086643875,0199.jpg
4032,3024,0.035885609686374664,0.07222896069288254,0.0,0.0,0.0027921569999307394,0.007843137718737125,0.1568627506494522,0.23226666450500488,0.31283140182495117,0.8638410080467372,0.8836384814342404,0.0,0.033971041440963745,0.03381318971514702,0.03362440690398216,0.06856033205986023,0.0684489905834198,0.0676717460155487,1.0046682096228383,0.9944170535282622,0.0009590766276232898,0200.jpg
4032,3024,0.025622736662626266,0.05516330897808075,0.0,0.0,0.003921568859368563,0.01568627543747425,0.0313725508749485,0.08235294371843338,0.32269805669784546,0.9350277147896195,0.953438956601159,0.0,0.02751193940639496,0.027344051748514175,0.02749077044427395,0.052940789610147476,0.052936628460884094,0.0529959611594677,1.006139599201523,1.0053654568698245,0.0008072353666648269,0201.jpg
4032,3024,0.027528585866093636,0.05477576330304146,0.0,0.0,0.0036862746346741915,0.012043138034641743,0.062745101749897,0.08991764485836029,0.19556471705436707,0.8627452765442597,0.9579814034024103,8.201583102376753e-08,0.03073335625231266,0.027368277311325073,0.025474606081843376,0.05222419649362564,0.05188966915011406,0.05256890133023262,1.122950960769255,0.9308103313090361,0.0008495263755321503,0202.jpg
4032,3024,0.015087640844285488,0.020692747086286545,0.0,0.0,0.0,0.003921568859368563,0.04341568797826767,0.062172550708055496,0.09047451615333557,0.9167250619383556,0.9952263505710927,0.0,0.01683046855032444,0.01528530940413475,0.013548866845667362,0.022304031997919083,0.020305734127759933,0.018271181732416153,1.1010812423940435,0.8864053766962415,4.1952007450163364e-05,0203.jpg
4032,3024,0.015010479837656021,0.023588882759213448,0.0,0.0,0.0,0.007843137718737125,0.0313725508749485,0.047337256371974945,0.10588235408067703,0.9503493382306626,0.9888109082367514,0.0,0.015949709340929985,0.015577543526887894,0.015352144837379456,0.023920217528939247,0.022533124312758446,0.022606629878282547,1.0238896411207987,0.9855314658190344,0.00031739010591991246,0204.jpg
4032,3024,0.020397404208779335,0.029264086857438087,0.0,0.0,0.0,0.0117647061124444,0.055180393159389496,0.09501177072525024,0.13400785624980927,0.8891222239281515,0.9548359322509868,0.0,0.02228499762713909,0.021915718913078308,0.021369079127907753,0.027896998450160027,0.02783667854964733,0.030323492363095284,1.0168491787263112,0.9750583202103139,0.00018216590979136527,0205.jpg
4032,3024,0.0389644019305706,0.04048538580536842,0.0,0.0,0.0,0.0235294122248888,0.10890980809926987,0.11675294488668442,0.12459608912467957,0.7252321212049635,0.8435732558841438,0.0,0.04422464221715927,0.038182541728019714,0.035353560000658035,0.03925741836428642,0.039886292070150375,0.041269123554229736,1.1582383460438863,0.9259109658419736,5.4366595577448606e-05,0206.jpg
4032,3024,0.028551969677209854,0.03383893892168999,0.0,0.0,0.0,0.016007842496037483,0.07427451759576797,0.0860392153263092,0.1405608057975769,0.8163124238893088,0.9848552847064752,0.0,0.03345530852675438,0.027926113456487656,0.024785678833723068,0.03197389468550682,0.03444302827119827,0.03558705374598503,1.1979866296916646,0.8875489001877119,4.311049633543007e-05,0207.jpg
4032,3024,0.021909015253186226,0.028994141146540642,0.0,0.0,0.003921568859368563,0.012043138034641743,0.05541568621993065,0.0941176488995552,0.13446275889873505,0.8815416646982868,0.9541572512492651,0.0,0.026237497106194496,0.021837368607521057,0.019235791638493538,0.02776101976633072,0.028971338644623756,0.02773280255496502,1.2014861356062123,0.8808712767980506,3.287478830316104e-05,0208.jpg
4032,3024,0.01346595212817192,0.021533427760004997,0.0,0.0,0.0,0.0,0.04252156987786293,0.05910196527838707,0.09350196272134781,0.9219420889497775,0.9951905916687662,0.0,0.014818377792835236,0.01381496712565422,0.011962918564677238,0.02280033566057682,0.02150190994143486,0.01874810829758644,1.0726268858383303,0.8659486850154703,2.4744680558796972e-05,0209.jpg
4032,3024,0.04822980985045433,0.09833375364542007,0.0027921569999307394,0.003921568859368563,0.003921568859368563,0.022956864908337593,0.08565882593393326,0.14812549948692322,0.7016314268112183,0.6798116719681699,0.9087174462763501,8.529646426471824e-06,0.05304392799735069,0.04331602156162262,0.03623245283961296,0.10504933446645737,0.09312577545642853,0.08317812532186508,1.2245746841548002,0.8364714731844478,0.0002472148626111448,0210.jpg
4032,3024,0.050606027245521545,0.09813713282346725,0.0,0.0,0.0,0.007843137718737125,0.1526627540588379,0.31636473536491394,0.4444510042667389,0.7414514079165617,0.8547424178004536,0.0,0.04823526367545128,0.0498693622648716,0.051537513732910156,0.09255225956439972,0.0965813398361206,0.1017928197979927,0.9672330716039059,1.0334497563739093,0.0002369012509007007,0211.jpg
4032,3024,0.0011055362410843372,0.006548269651830196,0.0,0.0,0.0,0.0,0.003921568859368563,0.003921568859368563,0.007843137718737125,0.9995852459425129,0.9997174554621231,0.0,0.0010952831944450736,0.0011053751222789288,0.0011015726486220956,0.006127038970589638,0.006589239928871393,0.006259332876652479,0.9908783850697332,0.9965631244048576,1.4168511370371561e-05,0212.jpg
4032,3024,0.004318343009799719,0.018090954050421715,0.0,0.0,0.0,0.003921568859368563,0.007843137718737125,0.0117647061124444,0.048188235610723495,0.9900421298920803,0.9969262106848913,0.0,0.004148293286561966,0.0043561868369579315,0.004442043602466583,0.01563151180744171,0.018660925328731537,0.020235514268279076,0.9522872077385804,1.019704632535013,1.7863714674604125e-05,0213.jpg
4032,3024,0.03340044617652893,0.055309195071458817,0.0,0.0,0.0,0.0117647061124444,0.1206745132803917,0.18492941558361053,0.2283451110124588,0.8102174994226086,0.8878490101673385,0.0,0.033242616802453995,0.03346099331974983,0.034315407276153564,0.051954519003629684,0.05196429044008255,0.05405596271157265,0.9934738939426258,1.0255338630977324,0.00012884446186944842,0214.jpg
4032,3024,0.07047232240438461,0.07183212786912918,0.0,0.0,0.0,0.040345098823308945,0.17910981178283691,0.18481960892677307,0.19266274571418762,0.5408238719870664,0.6662410865194843,0.0,0.06758006662130356,0.06940904259681702,0.07440536469221115,0.06778588891029358,0.07042460143566132,0.08026494830846786,0.9736496923631432,1.0719826974378381,0.0001299451687373221,0215.jpg
4032,3024,0.04497276619076729,0.048999544233083725,0.0,0.0,0.0,0.007843137718737125,0.11764706671237946,0.12941177189350128,0.13753333687782288,0.579960678329974,0.7843930106764928,0.0,0.04347613453865051,0.043083325028419495,0.04306473955512047,0.05152757465839386,0.05116080492734909,0.05054781958460808,1.009117225579649,0.9995686256361968,1.1645498489087913e-05,0216.jpg
4032,3024,0.027772163972258568,0.02675679326057434,0.0,0.0,0.0,0.018478430807590485,0.06302352994680405,0.0708666741847992,0.08235294371843338,0.775166147670488,0.9973769696921979,0.0,0.03033815324306488,0.028455134481191635,0.028119783848524094,0.027193065732717514,0.026338716968894005,0.02637988142669201,1.0661726828398932,0.9882151726233513,5.58765277673956e-05,0217.jpg
4032,3024,0.022440185770392418,0.03582436218857765,0.0,0.0,0.0027921569999307394,0.01568627543747425,0.03921568766236305,0.07058823853731155,0.21630196273326874,0.9226413559250861,0.9594755678120014,0.0,0.023346533998847008,0.02343045361340046,0.0236164890229702,0.033725984394550323,0.03515226021409035,0.036721184849739075,0.9964185058281891,1.0079395590490958,0.0001273842208320275,0218.jpg
4032,3024,0.018871773034334183,0.022366447374224663,0.0,0.0,0.003921568859368563,0.01568627543747425,0.036188237369060516,0.047572553157806396,0.11703138053417206,0.9502427176503317,0.9847831107751742,0.0,0.02118402160704136,0.019602663815021515,0.018780160695314407,0.021958855912089348,0.02299804985523224,0.02074754610657692,1.0806664410765967,0.9580433980368069,6.93502151989378e-05,0219.jpg
4032,3024,0.012980147264897823,0.014917322434484959,0.0,0.0,0.003921568859368563,0.007843137718737125,0.0313725508749485,0.04313725605607033,0.07508236169815063,0.9770521345112119,0.9967771879199211,0.0,0.013313265517354012,0.013271369971334934,0.013355983421206474,0.0143687529489398,0.014601347967982292,0.015119056217372417,1.0031565987166995,1.006375157568263,1.1554267985047773e-05,0220.jpg
4032,3024,0.015142465941607952,0.03657713532447815,0.0,0.0,0.0,0.003921568859368563,0.04224313795566559,0.0941176488995552,0.19199608266353607,0.9092196292097086,0.9551736734431426,0.0,0.015695657581090927,0.015687618404626846,0.014418256469070911,0.03606817126274109,0.0356968455016613,0.030916478484869003,1.0005124209319611,0.919090266407297,0.00011375896428944543,0221.jpg
4032,3024,0.033467259258031845,0.03130065277218819,0.0,0.0,0.0,0.0235294122248888,0.07870981097221375,0.08263137191534042,0.0865529403090477,0.6368986927332662,0.9994094040007978,0.0,0.03521082550287247,0.033320438116788864,0.03178570792078972,0.03175653889775276,0.030913768336176872,0.030518345534801483,1.0567318667176955,0.9539416579014374,4.514847751124762e-05,0222.jpg
4032,3024,0.022951148450374603,0.02436329610645771,0.0,0.0,0.0,0.014556863345205784,0.05910196527838707,0.07478824257850647,0.09125882387161255,0.8746938349027883,0.9996078002960443,0.0,0.025319643318653107,0.02332369051873684,0.021324951201677322,0.02418999932706356,0.02406677044928074,0.025696925818920135,1.0855725308900843,0.9143080026955162,2.997244882863015e-05,0223.jpg
4032,3024,0.037305571138858795,0.07361605018377304,0.0,0.0,0.0,0.007843137718737125,0.0941176488995552,0.26380786299705505,0.3335607945919037,0.8222397079973965,0.9051447546611238,0.0,0.03744373098015785,0.03711515665054321,0.03759610652923584,0.06685344129800797,0.06956589967012405,0.077071413397789,1.008852595722888,1.0129579655356258,0.0007721455185674131,0224.jpg
4032,3024,0.025993315503001213,0.03238921985030174,0.0,0.0,0.0,0.01568627543747425,0.05882353335618973,0.08235294371843338,0.16576863825321198,0.8134448223733938,0.96966808521248,0.0,0.02706383541226387,0.027000974863767624,0.027446052059531212,0.03245912119746208,0.0325925387442112,0.03545583784580231,1.002327998185814,1.016483134956207,0.00011988566257059574,0225.jpg
4032,3024,0.03655732795596123,0.043080367147922516,0.0,0.0,0.0,0.02012156881392002,0.09019608050584793,0.13333334028720856,0.18492941558361053,0.690339798149198,0.9152291751963131,0.0,0.03888751566410065,0.03614523634314537,0.035889171063899994,0.04359159618616104,0.042025476694107056,0.04409466311335564,1.0758662477310812,0.9929158522393733,0.00018197941244579852,0226.jpg
4032,3024,0.015760615468025208,0.02465790882706642,0.0,0.0,0.0,0.0117647061124444,0.0313725508749485,0.049850981682538986,0.10957647860050201,0.9500424349909717,0.9895040240247334,0.0,0.017816433683037758,0.016616417095065117,0.01448202133178711,0.02668822929263115,0.024048302322626114,0.017212893813848495,1.0722143869355611,0.8715567075757001,4.2921816202579066e-05,0227.jpg
4032,3024,0.02296358160674572,0.029072260484099388,0.0,0.0,0.0,0.0117647061124444,0.08145882189273834,0.08538039028644562,0.08930196613073349,0.8222238789420089,0.9998635256571764,0.0,0.02306852862238884,0.02302813157439232,0.021808816120028496,0.02892480604350567,0.028996270149946213,0.025920527055859566,1.0017541715746434,0.947053346305092,6.402356575563317e-06,0228.jpg
4032,3024,0.015792367979884148,0.012617959640920162,0.0,0.0,0.003643137402832508,0.01568627543747425,0.0313725508749485,0.03529411926865578,0.046164706349372864,0.9922734525909129,0.9985338029887881,0.0,0.01606592908501625,0.01724187284708023,0.017630627378821373,0.012888963334262371,0.012604369781911373,0.012347865849733353,0.9318011695328888,1.022545809807266,2.7680771381710656e-05,0229.jpg
4032,3024,0.026022862643003464,0.0390852615237236,0.0,0.0,0.0,0.014556863345205784,0.07450980693101883,0.11764706671237946,0.17165490984916687,0.8659111696376082,0.9345753154656925,0.0,0.027950139716267586,0.02720734290778637,0.0256339143961668,0.037453003227710724,0.03754453361034393,0.03695023059844971,1.0273003325119314,0.9421711010864505,0.00028794241370633245,0230.jpg
4032,3024,0.03875771909952164,0.04070562869310379,0.0,0.0,0.0,0.0313725508749485,0.08538039028644562,0.11283137649297714,0.18431372940540314,0.7930378073297221,0.9353855498603763,0.0,0.03983165696263313,0.03970204293727875,0.039190199226140976,0.040907055139541626,0.04108479246497154,0.04004292190074921,1.003264586685689,0.987108199440875,0.0001597804803168401,0231.jpg
4032,3024,0.030617043375968933,0.024303385987877846,0.0,0.0,0.007843137718737125,0.026556862518191338,0.05882353335618973,0.08235294371843338,0.11423921585083008,0.8412160388846897,0.9815353658824642,0.0,0.03311754763126373,0.033188097178936005,0.03289913013577461,0.024075215682387352,0.024393513798713684,0.025208739563822746,0.9978743155533304,0.9912933141385722,6.801929703215137e-05,0232.jpg
4032,3024,0.020388225093483925,0.043599843978881836,0.0,0.0,0.0,0.007843137718737125,0.04313725605607033,0.07815294712781906,0.2115294188261032,0.9279887881078357,0.9623128234704376,0.0,0.021304601803421974,0.02094593644142151,0.0218911524862051,0.04071338474750519,0.04123067110776901,0.043472904711961746,1.0171225688779588,1.045124309582306,0.0008409353322349489,0233.jpg
4032,3024,0.03564004600048065,0.06281685829162598,0.0,0.0027921569999307394,0.003921568859368563,0.01568627543747425,0.08565882593393326,0.2310941219329834,0.2521098256111145,0.8593184910924246,0.909742316100823,0.0,0.03766750916838646,0.03672721982002258,0.03531293198466301,0.056976690888404846,0.06030998006463051,0.060871027410030365,1.025601277518255,0.9614931558815011,0.00026075317873619497,0234.jpg
4032,3024,0.03717532753944397,0.06244379281997681,0.0,0.0,0.0,0.0117647061124444,0.16442745923995972,0.205050989985466,0.24281568825244904,0.8375792108896027,0.8759852561780885,0.0,0.03782721608877182,0.036942414939403534,0.034688036888837814,0.05550602078437805,0.0587383434176445,0.05966932326555252,1.0239501721976592,0.9389775402662839,0.00028628093423321843,0235.jpg
4032,3024,0.03950176015496254,0.04501974955201149,0.0,0.0,0.003921568859368563,0.026321569457650185,0.1129843220114708,0.15720784664154053,0.1839921623468399,0.8068632979812296,0.888730680350844,0.0,0.04326535388827324,0.0408681184053421,0.03871554881334305,0.047912999987602234,0.043418630957603455,0.038754284381866455,1.05865640308546,0.9473301682054955,0.0005205663037486374,0236.jpg
4032,3024,0.05873893201351166,0.075966015458107,0.0,0.0,0.0,0.01568627543747425,0.18880784511566162,0.21625883877277374,0.24034510552883148,0.6764207274344923,0.7271337402630805,0.0,0.05705120041966438,0.05468951538205147,0.055695079267024994,0.07331431657075882,0.07333359122276306,0.07333087921142578,1.043182716804091,1.0183864400975007,0.00021387934975791723,0237.jpg
4032,3024,0.03271954506635666,0.06174172833561897,0.0,0.0,0.003921568859368563,0.0117647061124444,0.0778156965970993,0.1129843220114708,0.3182196021080017,0.8276299524439406,0.9452637005805409,0.0,0.0327867828309536,0.032725416123867035,0.03318158909678459,0.05699366703629494,0.058303434401750565,0.05939533933997154,1.0018751429076223,1.0139389834557802,7.709453348070383e-05,0238.jpg
4032,3024,0.029788170009851456,0.034020837396383286,0.0,0.0,0.0,0.012980392202734947,0.08929412066936493,0.09675686806440353,0.11086666584014893,0.7497312341217351,0.9648777865698749,0.0,0.03176195174455643,0.02803328074514866,0.0325898714363575,0.03035023622214794,0.035134486854076385,0.044983092695474625,1.1330039829915386,1.1625363865273184,0.00037828664062544703,0239.jpg
4032,3024,0.03989747539162636,0.046934373676776886,0.0,0.0,0.0,0.0117647061124444,0.11434117704629898,0.125490203499794,0.14509806036949158,0.6649104616769548,0.8302457653586126,0.0,0.03902833163738251,0.03937467932701111,0.04167531803250313,0.04499097540974617,0.04970700293779373,0.05184105411171913,0.9912040199547487,1.0584279114624395,3.4510860132286325e-05,0240.jpg
4032,3024,0.021102000027894974,0.042009808123111725,0.0,0.0,0.0,0.007843137718737125,0.054286275058984756,0.08395686745643616,0.23696471750736237,0.8936937043335853,0.9646852954144621,0.0,0.023877402767539024,0.02185148000717163,0.018742872402071953,0.04465412721037865,0.04077371209859848,0.03387303277850151,1.0927090545193276,0.8577457751211999,0.00013881007907912135,0241.jpg
4032,3024,0.039732370525598526,0.07606706768274307,0.0,0.0,0.0,0.01568627543747425,0.11344706267118454,0.2928352952003479,0.33301177620887756,0.8785029781588561,0.8911163568436634,5.741108171663727e-07,0.04007210582494736,0.04149223491549492,0.043793998658657074,0.06909694522619247,0.07200589030981064,0.07496386021375656,0.9657744426666227,1.0554732294999396,7.718271081103012e-05,0242.jpg
4032,3024,0.09294836968183517,0.0831482782959938,0.0,0.0011725490912795067,0.003921568859368563,0.06302352994680405,0.22717256844043732,0.2457764893770218,0.2634862959384918,0.41983690659905937,0.6064189854182414,0.0,0.09055010229349136,0.09074798226356506,0.09050466120243073,0.07934165000915527,0.08463773876428604,0.0918000116944313,0.9978194800080623,0.9973187461163184,0.0002907677844632417,0243.jpg
4032,3024,0.03127923607826233,0.027969157323241234,0.0,0.0,0.003921568859368563,0.020501961931586266,0.07020000368356705,0.08103922009468079,0.11387843638658524,0.7358752335810868,0.9782470231533972,0.0,0.03409820422530174,0.03217846155166626,0.031923942267894745,0.028277195990085602,0.027804668992757797,0.031420934945344925,1.0596573895605186,0.9920906295040746,0.00023215617693495005,0244.jpg
4032,3024,0.02745778299868107,0.03653478994965553,0.0,0.0,0.0,0.019607843831181526,0.060105882585048676,0.0718705952167511,0.13753333687782288,0.7977396929064836,0.9825233285829764,0.00011613441672965482,0.03237470984458923,0.027698852121829987,0.022093670442700386,0.03877149522304535,0.03673382103443146,0.03009653463959694,1.168804429070372,0.7976457905090327,0.00020800337370019406,0245.jpg
4032,3024,0.04594758525490761,0.06574976444244385,0.0,0.0,0.0,0.015964707359671593,0.16527843475341797,0.20756471157073975,0.22706276178359985,0.7592211218978332,0.805042710564164,0.0,0.04544387012720108,0.04528478533029556,0.04470634087920189,0.06196316331624985,0.0662967786192894,0.0719132274389267,1.003512907985259,0.9872267987211717,0.000956687901634723,0246.jpg
4032,3024,0.0164444912225008,0.02586705982685089,0.0,0.0,0.0,0.007564706262201071,0.0313725508749485,0.05098039656877518,0.1369764804840088,0.9483060778323675,0.9682749643067103,0.0,0.01796075329184532,0.017789870500564575,0.018015481531620026,0.02606489695608616,0.02514166757464409,0.024379003793001175,1.009605083195638,1.0126812811688046,0.00011681633623084053,0247.jpg
4032,3024,0.07375357300043106,0.08748582005500793,0.0,0.0,0.0,0.0117647061124444,0.21658040583133698,0.23995688557624817,0.26930591464042664,0.6026249330750819,0.6310372673374905,0.0,0.06718328595161438,0.07122611999511719,0.07594402134418488,0.08116402477025986,0.09053204953670502,0.1001964583992958,0.943240242708396,1.0662374296390351,0.0011504703434184194,0248.jpg
4032,3024,0.026460718363523483,0.028653688728809357,0.0,0.0,0.0,0.015407843515276909,0.07393725216388702,0.08570196479558945,0.09539999812841415,0.7388447807749643,0.9940279352481733,0.0,0.026195349171757698,0.026155494153499603,0.028461100533604622,0.03177587687969208,0.029341481626033783,0.032502785325050354,1.0015237140736142,1.088146613478647,0.00012727765715681016,0249.jpg
4032,3024,0.005101701244711876,0.021013377234339714,0.0,0.0,0.0,0.0,0.007843137718737125,0.0117647061124444,0.13243922591209412,0.9809806928172503,0.987515140122407,0.0,0.005220511462539434,0.005042174831032753,0.004973931238055229,0.02070605754852295,0.020584305748343468,0.020577382296323776,1.035361976826443,0.9864681286562599,0.00028205435955896974,0250.jpg
4032,3024,0.021028408780694008,0.02179141342639923,0.0,0.0,0.003921568859368563,0.01568627543747425,0.03921568766236305,0.07020000368356705,0.11333726346492767,0.9251074079323087,0.9751729057749643,0.0,0.021583065390586853,0.02204095758497715,0.024385713040828705,0.019455954432487488,0.021407827734947205,0.025860095396637917,0.9792263371969114,1.1063769153357612,0.00018397922394797206,0251.jpg
4032,3024,0.008703775703907013,0.008391506038606167,0.0,0.0,0.0,0.007843137718737125,0.019886275753378868,0.022956864908337593,0.0313725508749485,0.9976039895124716,0.9999458695515243,0.0,0.011259075254201889,0.00880560465157032,0.005456302314996719,0.01059722900390625,0.008256204426288605,0.005705366842448711,1.2785943845218584,0.6196829006084222,2.4087479687295854e-05,0252.jpg
4032,3024,0.015965227037668228,0.01919420436024666,0.0,0.0,0.0,0.010870588943362236,0.05098039656877518,0.06666667014360428,0.07540392875671387,0.8988119022686235,0.9988953287719409,0.0,0.018989944830536842,0.017336150631308556,0.013830653391778469,0.01894635148346424,0.018435191363096237,0.01833084598183632,1.0953901961399446,0.7978043039437154,2.923788815678563e-05,0253.jpg
4032,3024,0.011793503537774086,0.014641511254012585,0.0,0.0,0.0,0.003921568859368563,0.03529411926865578,0.04313725605607033,0.054901961237192154,0.9666306289105149,1.0,0.0,0.011463985778391361,0.011424793861806393,0.011436862871050835,0.014476967044174671,0.014466268941760063,0.014568120241165161,1.0034301263491177,1.0010562950277604,5.232772764429683e-06,0254.jpg
4032,3024,0.008173063397407532,0.023250428959727287,0.0,0.0,0.0,0.003921568859368563,0.010870588943362236,0.0117647061124444,0.1493411809206009,0.9662317859242462,0.9710294659916435,0.0,0.01010263990610838,0.009749017655849457,0.009312747977674007,0.023304417729377747,0.02225527912378311,0.020702412351965904,1.0362688830667675,0.9552544730097271,7.867238309700042e-06,0255.jpg
4032,3024,0.011588792316615582,0.025168294087052345,0.0,0.0,0.0,0.0027921569999307394,0.030800001695752144,0.06694509834051132,0.1340431421995163,0.9318013760288066,0.9773431266796843,0.0,0.013526910915970802,0.011814785189926624,0.009868988767266273,0.026408901438117027,0.022968869656324387,0.019538113847374916,1.1449015616417795,0.8353222920539203,1.9940211132052355e-05,0256.jpg
4032,3024,0.05532810464501381,0.07602071762084961,0.0,0.0,0.003921568859368563,0.0117647061124444,0.18710587918758392,0.2190352976322174,0.2660509943962097,0.6706213060069707,0.7650615512408667,0.0,0.05324675515294075,0.05165839567780495,0.050052206963300705,0.07332652062177658,0.07331431657075882,0.07331431657075882,1.0307467684105764,0.9689081009673072,2.894030330935493e-05,0257.jpg
4032,3024,0.010788843035697937,0.01727949269115925,0.0,0.0,0.003921568859368563,0.007843137718737125,0.0235294122248888,0.03529411926865578,0.10677646845579147,0.9777000595762997,0.9896614944202989,0.0,0.010866680182516575,0.010962385684251785,0.011053209193050861,0.015730181708931923,0.016527405008673668,0.01879381388425827,0.9912704428639516,1.0082842573831492,3.109156750724651e-05,0258.jpg
4032,3024,0.01111418567597866,0.026198307052254677,0.0,0.0,0.0,0.003921568859368563,0.019886275753378868,0.08235294371843338,0.12638431787490845,0.932900224132863,0.9578749468537415,0.0,0.010898472741246223,0.010895108804106712,0.010895379818975925,0.025225814431905746,0.02493234910070896,0.02696983702480793,1.0003087282992478,1.00002487262876,0.00024789906456135213,0259.jpg
4032,3024,0.020965319126844406,0.036567553877830505,0.0,0.0,0.0,0.018478430807590485,0.03529411926865578,0.042007844895124435,0.10980392247438431,0.971503681526623,0.9884915385907449,0.0,0.02309408225119114,0.022110139951109886,0.020752238109707832,0.03590972721576691,0.03611970692873001,0.03587797284126282,1.0444998449766432,0.9385874340081732,8.229337254306301e-05,0260.jpg
4032,3024,0.021442485973238945,0.04309810698032379,0.0,0.0,0.0,0.003921568859368563,0.10952549427747726,0.125490203499794,0.1757294088602066,0.8594538172136138,0.8735638207829428,0.0,0.021587347611784935,0.021508537232875824,0.02070835791528225,0.04163326323032379,0.03962535038590431,0.03730044141411781,1.003663973708772,0.9627988594580009,8.876572974259034e-05,0261.jpg
4032,3024,0.004465631674975157,0.009782797656953335,0.0,0.0,0.0,0.0,0.012043138034641743,0.02687843330204487,0.0470588244497776,0.9964989082052574,1.0,0.0,0.004809160716831684,0.004384470637887716,0.003841242752969265,0.009535765275359154,0.009046475403010845,0.008944719098508358,1.096840251368898,0.8761300827725756,7.0662490543327294e-06,0262.jpg
4032,3024,0.008613507263362408,0.027555828914046288,0.0,0.0,0.0,0.0,0.007843137718737125,0.08235294371843338,0.1411764770746231,0.9382933391334929,0.9610897213823801,0.0,0.009255785495042801,0.009240230545401573,0.009463665075600147,0.02634809911251068,0.02639814466238022,0.027060512453317642,1.0016832119450767,1.0241780062839958,0.00023003540991339833,0263.jpg
4032,3024,0.007917840965092182,0.019222408533096313,0.0,0.0,0.0,0.0,0.0235294122248888,0.06666667014360428,0.08235294371843338,0.9270449499244142,0.9993113950827245,0.0,0.008769139647483826,0.00841557327657938,0.008241480216383934,0.017912404611706734,0.01787766069173813,0.0184885673224926,1.0420083517704655,0.9793154465036393,5.3268129704520106e-05,0264.jpg
4032,3024,0.008100371807813644,0.015589386224746704,0.0,0.0,0.0,0.0,0.023807844147086143,0.03557255119085312,0.07338039577007294,0.9615447452129,0.9999699822058453,0.0,0.009796765632927418,0.008414323441684246,0.006070770788937807,0.015230056829750538,0.014085961505770683,0.01292999368160963,1.1642767744844384,0.721513656725546,1.3729111742577516e-05,0265.jpg
4032,3024,0.010382425971329212,0.03384621813893318,0.0,0.0,0.0,0.0,0.007843137718737125,0.11707451939582825,0.16990980505943298,0.9365482882968001,0.9418370791603679,0.0,0.0115644671022892,0.011135123670101166,0.010279030539095402,0.03510887548327446,0.031871646642684937,0.028544772416353226,1.0385541185521097,0.9231246745845463,1.7077083612093702e-05,0266.jpg
4032,3024,0.038958851248025894,0.06846540421247482,0.0,0.0,0.0034745100419968367,0.012043138034641743,0.18912941217422485,0.22632156312465668,0.2549019753932953,0.8439354377939448,0.870231025473461,0.0,0.04344245791435242,0.03621708229184151,0.03194252774119377,0.06271350383758545,0.06358898431062698,0.06551214307546616,1.1994963610797942,0.8819773361768902,0.00032475468469783664,0267.jpg
4032,3024,0.010558325797319412,0.012210279703140259,0.0,0.0,0.0,0.004647059366106987,0.0313725508749485,0.03226666897535324,0.05897647142410278,0.9836349711566725,0.9999984416992106,0.0,0.012761387974023819,0.011147069744765759,0.009780772030353546,0.013496550731360912,0.010946109890937805,0.010953198187053204,1.1448069725268821,0.8774408713173223,1.3867210327589419e-05,0268.jpg
4032,3024,0.006829218473285437,0.00659004133194685,0.0,0.0,0.0,0.004647059366106987,0.01568627543747425,0.019607843831181526,0.03024313785135746,0.9985322446879986,0.9999867134353742,0.0,0.009664937853813171,0.0064589399844408035,0.003979722503572702,0.007827302441000938,0.006437515374273062,0.005576732102781534,1.4962891105945608,0.616216638724282,3.1884017516858876e-05,0269.jpg
4032,3024,0.01198597252368927,0.02371857687830925,0.0,0.0,0.0,0.003921568859368563,0.03529411926865578,0.05551765114068985,0.12214118242263794,0.9368889000430419,0.982539321670026,0.0,0.012472654692828655,0.012218828313052654,0.012089356780052185,0.022982649505138397,0.02248709835112095,0.022404709830880165,1.0207716813422718,0.9894047993405788,6.970678077777848e-05,0270.jpg
4032,3024,0.01609165221452713,0.022513438016176224,0.0,0.0,0.0,0.003921568859368563,0.05882353335618973,0.06666667014360428,0.07870981097221375,0.8685733214968085,0.9995367745863778,0.0,0.015986725687980652,0.015961429104208946,0.015562014654278755,0.02222866751253605,0.02240404486656189,0.01982273906469345,1.0015847577838284,0.9749778403197495,1.2652400982915424e-05,0271.jpg
4032,3024,0.03330947086215019,0.0469413697719574,0.0,0.0,0.0,0.01568627543747425,0.07001569122076035,0.08363530039787292,0.2582235336303711,0.7334004878957756,0.963556429516251,1.6403166204753505e-07,0.03800259903073311,0.03381817042827606,0.028468498960137367,0.04724285379052162,0.04624176025390625,0.04320300742983818,1.1237294868403533,0.8418154141455269,0.00025124064995907247,0272.jpg
4032,3024,0.025808323174715042,0.03278222680091858,0.0,0.0,0.003921568859368563,0.01568627543747425,0.09826666861772537,0.10913725942373276,0.12118040025234222,0.8460595658016293,0.9018382044175695,0.0,0.02679072506725788,0.028237534686923027,0.0336151197552681,0.029499687254428864,0.032081108540296555,0.03809833899140358,0.9487647062531489,1.1904342816638915,9.653736196924001e-05,0273.jpg
4032,3024,0.033330924808979034,0.07561879605054855,0.0,0.0,0.0,0.0117647061124444,0.05125882476568222,0.2781529724597931,0.3143412172794342,0.8983875523589065,0.9157058512062233,0.0,0.03061462566256523,0.030857661738991737,0.031284868717193604,0.07204431295394897,0.07283494621515274,0.07412789762020111,0.99212421852632,1.0138439891468807,8.621630695415661e-05,0274.jpg
4032,3024,0.05231161043047905,0.08515723049640656,0.0,0.0,0.0034745100419968367,0.018713727593421936,0.2579372525215149,0.2750157117843628,0.2827059030532837,0.7946454816494499,0.8513437637786596,0.0,0.045815784484148026,0.04645072668790817,0.05080971494317055,0.07524386793375015,0.0819755345582962,0.09613202512264252,0.9863311388180231,1.0938391006334123,0.0002833806211128831,0275.jpg
4032,3024,0.018322492018342018,0.017354166135191917,0.0,0.0,0.003643137402832508,0.01568627543747425,0.03921568766236305,0.0470588244497776,0.07870981097221375,0.9625761763038548,0.9984390747039557,0.0,0.02054571360349655,0.019100137054920197,0.017614062875509262,0.01809524931013584,0.017092406749725342,0.017078353092074394,1.0756801306864605,0.9221997007226257,2.8625787308556028e-05,0276.jpg
4032,3024,0.04863433539867401,0.0568665936589241,0.0,0.0,0.0,0.012043138034641743,0.14089804887771606,0.15407060086727142,0.16920000314712524,0.6041400935374149,0.7278307107951205,0.0,0.04726185277104378,0.04824843257665634,0.04965188354253769,0.05476780980825424,0.0596698597073555,0.06518782675266266,0.9795525096788417,1.029087408720333,0.000124053331092,0277.jpg
4032,3024,0.02904192917048931,0.02554481104016304,0.0,0.0,0.003921568859368563,0.01568627543747425,0.06638824194669724,0.07478824257850647,0.09831765294075012,0.7449322418010415,0.9905010084666582,0.0,0.031454361975193024,0.030958684161305428,0.034544069319963455,0.02482101321220398,0.0248100645840168,0.030014218762516975,1.0160104286369662,1.1158081955868004,2.6377903850516304e-05,0278.jpg
4032,3024,0.05542765185236931,0.08641164004802704,0.0,0.0,0.003921568859368563,0.02442353032529354,0.11500784754753113,0.34011372923851013,0.40080785751342773,0.6505179135697489,0.8651143858392122,3.280633240950701e-07,0.057687316089868546,0.054390717297792435,0.050244804471731186,0.07920316606760025,0.08049019426107407,0.07891041785478592,1.0606084704777268,0.9237767617565272,0.00017823127564042807,0279.jpg
4032,3024,0.03843759372830391,0.056130312383174896,0.0,0.0,0.003921568859368563,0.0117647061124444,0.12941177189350128,0.18488627672195435,0.2153647243976593,0.7857177303791887,0.8349717635896952,0.0,0.036855775862932205,0.03713592141866684,0.03786175325512886,0.05186225101351738,0.05215922370553017,0.05390610173344612,0.9924564141282368,1.019544749772855,0.00017164117889478803,0280.jpg
4032,3024,0.030717352405190468,0.034550756216049194,0.0,0.0,0.003921568859368563,0.01899215765297413,0.0947333350777626,0.10952549427747726,0.12913334369659424,0.8028367307571177,0.9274362474542286,0.0,0.03318537399172783,0.03058275580406189,0.028884749859571457,0.03287423029541969,0.0351717583835125,0.03701036795973778,1.0850980567703945,0.9444801366003283,0.00012230062566231936,0281.jpg
4032,3024,0.021759945899248123,0.02889823168516159,0.0,0.0,0.0,0.009337254799902439,0.05910196527838707,0.07858431339263916,0.14443138241767883,0.8584597033257747,0.9742772929001847,0.0,0.026428228244185448,0.021986329928040504,0.017802804708480835,0.03106960654258728,0.027834154665470123,0.027114272117614746,1.2020208152004932,0.8097301840081815,0.0005028860759921372,0282.jpg
4032,3024,0.01535713765770197,0.016382252797484398,0.0,0.0,0.0,0.0117647061124444,0.03472156822681427,0.04224313795566559,0.06659215688705444,0.9693637244635509,0.9962268616937515,0.0,0.021584726870059967,0.014790603891015053,0.008341019041836262,0.021046534180641174,0.015715843066573143,0.011601637117564678,1.4593229394935263,0.5639698779997415,0.00010580212256172672,0283.jpg
4032,3024,0.02270362712442875,0.043446775525808334,0.0,0.0,0.0011725490912795067,0.008164705708622932,0.04592941328883171,0.09714510291814804,0.2306627631187439,0.9086299353846476,0.9511073285409843,0.0,0.026952264830470085,0.02260000817477703,0.0203019417822361,0.038869090378284454,0.041628070175647736,0.04727596044540405,1.192569137714406,0.8983201822339236,0.0007325643091462553,0284.jpg
4032,3024,0.015163150615990162,0.01286830473691225,0.0,0.0,0.003921568859368563,0.012043138034641743,0.028733335435390472,0.03561568632721901,0.05910196527838707,0.9789824591101873,0.9977650686046023,0.0,0.020975474268198013,0.015223428606987,0.008443618193268776,0.01496138982474804,0.012434834614396095,0.010841118171811104,1.377816850122783,0.5546755422658857,4.226757664582692e-05,0285.jpg
4032,3024,0.028189951553940773,0.0854964479804039,0.0,0.0,0.0,0.007843137718737125,0.08235294371843338,0.09439608454704285,0.6943961381912231,0.8274579652462837,0.9676763307560678,0.0,0.026512835174798965,0.027902228757739067,0.024956582114100456,0.08453270047903061,0.08181393891572952,0.08053545653820038,0.9502067092305672,0.8944334840525714,0.0002617571735754609,0286.jpg
4032,3024,0.02665972337126732,0.07349517941474915,0.0,0.0,0.0,0.003921568859368563,0.046164706349372864,0.13964706659317017,0.41191762685775757,0.9108405900940623,0.9360680856061561,0.0,0.025805873796343803,0.02815420739352703,0.02539917826652527,0.0700984075665474,0.07352542132139206,0.06664842367172241,0.9165932765345882,0.9021485053015397,0.00021715660113841295,0287.jpg
4032,3024,0.02142476476728916,0.06808561831712723,0.0,0.0,0.0,0.003921568859368563,0.054901961237192154,0.09322353452444077,0.3496313691139221,0.8885903512639624,0.9548360962826489,8.201583102376753e-08,0.02191740833222866,0.02155369706451893,0.02070515602827072,0.06504982709884644,0.06725085526704788,0.0658513605594635,1.0168738751753759,0.9606331263339819,0.0003303420089650899,0288.jpg
4032,3024,0.020612478256225586,0.062498316168785095,0.0,0.0,0.0,0.007843137718737125,0.027450980618596077,0.0313725508749485,0.2853490114212036,0.9755955333522298,0.980365328037079,1.7141308683967416e-05,0.022602776065468788,0.021570926532149315,0.020952466875314713,0.06252945959568024,0.061674565076828,0.0638604536652565,1.0478329801365527,0.971330346600574,0.0003574577858671546,0289.jpg
4032,3024,0.0018058436689898372,0.017102468758821487,0.0,0.0,0.0,0.0,0.003921568859368563,0.007843137718737125,0.01899215765297413,0.9968973411123708,0.9984550677910053,0.0,0.0020978343673050404,0.001763348700478673,0.001218374352902174,0.020372487604618073,0.01681213267147541,0.010200025513768196,1.1895802494912828,0.691118684515909,9.374603541800752e-05,0290.jpg
4032,3024,0.0672338679432869,0.1345692127943039,0.0,0.0,0.0,0.02442353032529354,0.14486275613307953,0.2236902117729187,0.8535568118095398,0.6517999850403124,0.827648488021752,0.003516838834299152,0.06752770394086838,0.06591466069221497,0.06861815601587296,0.1271727979183197,0.13154266774654388,0.13738547265529633,1.0244713203465459,1.041014461438559,0.00283039384521544,0291.jpg
4032,3024,0.030155612155795097,0.09797178208827972,0.0,0.0,0.0,0.007843137718737125,0.04279216006398201,0.07769019901752472,0.7032157182693481,0.9119450152746283,0.9672649393476527,0.0004622412236499538,0.03216203674674034,0.030024763196706772,0.029649801552295685,0.09298153966665268,0.09741030633449554,0.10351676493883133,1.0711813230535299,0.9875120028771754,0.001045996556058526,0292.jpg
4032,3024,0.041427381336688995,0.06612098962068558,0.0,0.0,0.0,0.019607843831181526,0.11372549086809158,0.12956471741199493,0.21227842569351196,0.7040639172335601,0.8603994597453178,8.964330330897792e-05,0.04395182430744171,0.041306640952825546,0.04032178968191147,0.06184068322181702,0.06160357594490051,0.06386035680770874,1.0640361757195729,0.9761581332606526,0.0012743305414915085,0293.jpg
4032,3024,0.03951939567923546,0.0599077083170414,0.0,0.0,0.0,0.010635294951498508,0.11764706671237946,0.1605568528175354,0.22352942824363708,0.7221378279320988,0.8445721266901822,3.928558306038465e-05,0.0441599078476429,0.038017235696315765,0.03487633913755417,0.061166878789663315,0.05960886552929878,0.05549151077866554,1.1615717310080858,0.917384473497123,0.001151782227680087,0294.jpg
4032,3024,0.04876350238919258,0.10723580420017242,0.0,0.0,0.0,0.01658039353787899,0.11500784754753113,0.16060000658035278,0.6865098476409912,0.7506291434397834,0.878202390138154,0.00026392694423448394,0.0504099577665329,0.04782452806830406,0.05029647424817085,0.10250890254974365,0.10131368786096573,0.10548686236143112,1.0540596163316032,1.051686751400557,0.000871544994879514,0295.jpg
4032,3024,0.0367702841758728,0.05423489585518837,0.0,0.0,0.0,0.01487843319773674,0.1057647094130516,0.1443568617105484,0.2591019868850708,0.7468538727219283,0.8866802845752498,0.0,0.04372845217585564,0.03481679782271385,0.026371119543910027,0.05691384896636009,0.05223958194255829,0.04157213866710663,1.2559511201288023,0.7574321523202661,0.00027209476684220135,0296.jpg
4032,3024,0.06798258423805237,0.0917980894446373,0.0,0.0,0.0,0.02679608017206192,0.23149411380290985,0.2941921651363373,0.3105137348175049,0.6533817423574368,0.7592676248740237,0.0,0.07421916723251343,0.06460106372833252,0.05517277866601944,0.0992051213979721,0.08669646829366684,0.08720405399799347,1.1488822949159547,0.8540559771904296,0.00038035999750718474,0297.jpg
4032,3024,0.06067918241024017,0.0948847159743309,0.0,0.0,0.003921568859368563,0.018478430807590485,0.20694902539253235,0.3369568884372711,0.3878784477710724,0.6906330047451079,0.8237370710243974,0.0,0.06241011247038841,0.05736640840768814,0.055149879306554794,0.08577658236026764,0.08694037795066833,0.09965742379426956,1.0879193291573606,0.9613625721876553,0.00013592046161647886,0298.jpg
4032,3024,0.02883910946547985,0.04377705231308937,0.0,0.0,0.0,0.007843137718737125,0.09047451615333557,0.14354902505874634,0.17518824338912964,0.803993810101201,0.9068887392920131,0.0,0.03093412145972252,0.02706194296479225,0.023625072091817856,0.04485156759619713,0.03994406759738922,0.03754761442542076,1.1430804661550595,0.8730045406574732,0.00024059484712779522,0299.jpg
4032,3024,0.12737813591957092,0.1528203934431076,0.0,0.0,0.003921568859368563,0.057694122195243835,0.4358823597431183,0.4572196304798126,0.4817529320716858,0.47205458186360966,0.5986000061675905,0.0,0.1283196657896042,0.12139545381069183,0.11515657603740692,0.15123070776462555,0.14662867784500122,0.14662867784500122,1.0570380086201703,0.9486074133350391,0.0018645982490852475,0300.jpg
4032,3024,0.08459650725126266,0.11371982842683792,0.0,0.0,0.0,0.017415687441825867,0.29076865315437317,0.32269805669784546,0.35663527250289917,0.6603986067806752,0.7053406576751071,0.0,0.08156147599220276,0.08206132054328918,0.0826084166765213,0.10368210822343826,0.10368210822343826,0.10368210822343826,0.9939089639705868,1.0066668372233456,0.0006829349440522492,0301.jpg
4032,3024,0.03718465939164162,0.07540494203567505,0.0,0.0,0.0,0.003921568859368563,0.10134509950876236,0.1751568764448166,0.3370705842971802,0.7820649092970522,0.8989521493396742,6.3152189888301e-06,0.04187137633562088,0.03640468791127205,0.03153291717171669,0.08356280624866486,0.07158105075359344,0.061465296894311905,1.1501602836807328,0.8661810552398065,0.00035133803612552583,0302.jpg
4032,3024,0.09717298299074173,0.15917453169822693,0.0,0.0,0.0,0.04313725605607033,0.2543019950389862,0.3617686331272125,0.8790117502212524,0.5186151331674645,0.72519578819182,0.0013927108266145966,0.09895461052656174,0.09248679131269455,0.08644372969865799,0.149590402841568,0.14761210978031158,0.1366448849439621,1.0699315998584067,0.934660980349229,0.0013589460868388414,0303.jpg
4032,3024,0.05335932597517967,0.09217837452888489,0.0,0.003921568859368563,0.003921568859368563,0.023850983008742332,0.10130587965250015,0.12147058546543121,0.6494549512863159,0.6119224937274292,0.8972308830939784,7.4634406231628455e-06,0.06667418032884598,0.0473991259932518,0.035309016704559326,0.1043211966753006,0.08237899094820023,0.06858044862747192,1.406645635041947,0.7449350811764993,0.00024837686214596033,0304.jpg
4032,3024,0.08356207609176636,0.19003422558307648,0.0,0.0,0.0,0.007843137718737125,0.16106274724006653,0.6756392121315002,0.7023058533668518,0.7124869430797011,0.8655592397066851,0.0,0.08281730115413666,0.08165517449378967,0.07952486723661423,0.181782528758049,0.1830347627401352,0.18062373995780945,1.014231950829822,0.9739112532471447,0.0004434964794199914,0305.jpg
4032,3024,0.023122869431972504,0.03109796904027462,0.0,0.0,0.0,0.010956862941384315,0.07056862860918045,0.09900784492492676,0.11485490202903748,0.8441807471445368,0.9502657640988494,0.0,0.024892404675483704,0.023649998009204865,0.019679782912135124,0.030933283269405365,0.03303370624780655,0.027940943837165833,1.0525308346732472,0.8321332953677241,7.348069630097598e-05,0306.jpg
4032,3024,0.09231994301080704,0.18066811561584473,0.0,0.0,0.0,0.01568627543747425,0.5456706285476685,0.5893647074699402,0.642396092414856,0.6887543501196774,0.8338085330582851,0.0,0.0892988070845604,0.08854880928993225,0.08707644045352936,0.17018373310565948,0.1688387542963028,0.16459831595420837,1.0084697844144699,0.9833724222761223,0.0007176388171501458,0307.jpg
4032,3024,0.020337028428912163,0.01817653514444828,0.0,0.0,0.003921568859368563,0.014964706264436245,0.04252156987786293,0.054007843136787415,0.08651373535394669,0.9387164588057445,0.9925480415931804,0.0,0.02870211750268936,0.018562784418463707,0.014958824962377548,0.023835089057683945,0.018496744334697723,0.01635240577161312,1.546188905002634,0.8058607353519129,1.5930691006360576e-05,0308.jpg
4032,3024,0.031263526529073715,0.05453035980463028,0.0,0.0,0.003921568859368563,0.027450980618596077,0.054286275058984756,0.06605098396539688,0.27129021286964417,0.8718608440675653,0.973588031856261,0.0,0.032616209238767624,0.03180206939578056,0.030736973509192467,0.04910464212298393,0.05282396450638771,0.05818277597427368,1.0255994109516697,0.9665096512121749,0.0004961414961144328,0309.jpg
4032,3024,0.03299851715564728,0.05142632871866226,0.0,0.0,0.0,0.010956862941384315,0.09147843718528748,0.10627058893442154,0.1268039345741272,0.7139550264550265,0.9305098727376753,8.56245275888133e-05,0.03827343508601189,0.03238027170300484,0.02876170352101326,0.05280467867851257,0.051194775849580765,0.047273896634578705,1.1819929568257257,0.8882512022634432,0.00021867355098947883,0310.jpg
4032,3024,0.04554148390889168,0.041844431310892105,0.0,0.0,0.003921568859368563,0.030800001695752144,0.10874117910861969,0.125490203499794,0.14207059144973755,0.5925241913895187,0.8617045776643991,0.0,0.05028672516345978,0.04501298815011978,0.04040606692433357,0.04280104860663414,0.041662510484457016,0.039356131106615067,1.1171577376292965,0.897655786231997,5.853950642631389e-05,0311.jpg
4032,3024,0.011483403854072094,0.030044881626963615,0.0,0.0,0.0027921569999307394,0.007843137718737125,0.019607843831181526,0.0235294122248888,0.05537647381424904,0.9881101649764844,0.9947644374107668,4.961957776937936e-05,0.013398767448961735,0.012066509574651718,0.010635094717144966,0.03309670835733414,0.02908288687467575,0.02587379887700081,1.1104003991932583,0.8813827452423576,0.0002940859994851053,0312.jpg
4032,3024,0.040431827306747437,0.08276668190956116,0.0,0.003921568859368563,0.006949020083993673,0.023682354018092155,0.06712157279253006,0.12247058749198914,0.4236980378627777,0.8546470333889729,0.9332057331034266,0.0003687431762828588,0.05164491757750511,0.039092108607292175,0.025659995153546333,0.10586199164390564,0.07506586611270905,0.07018813490867615,1.3211003017516856,0.6564071282057037,0.0004486007965169847,0313.jpg
4032,3024,0.013143320567905903,0.044321514666080475,0.0,0.0,0.0,0.003921568859368563,0.0235294122248888,0.046400003135204315,0.14890195429325104,0.9540193006214832,0.9819295339663643,4.478064373897707e-05,0.014363507740199566,0.013105543330311775,0.011026495136320591,0.04533416032791138,0.04497765749692917,0.03885862976312637,1.0959798764773065,0.8413732635985778,0.0010308685014024377,0314.jpg
4032,3024,0.02278512343764305,0.017997318878769875,0.0,0.0,0.0,0.026321569457650185,0.03921568766236305,0.03953725844621658,0.0470588244497776,0.9933736129482658,0.9987426973104057,8.28359893340052e-06,0.02568822167813778,0.023518959060311317,0.02206452749669552,0.01926703006029129,0.017868857830762863,0.01602083072066307,1.0922307140188428,0.9381618156780691,8.7090338638518e-05,0315.jpg
4032,3024,0.013060483150184155,0.022011876106262207,0.0,0.0,0.0,0.003921568859368563,0.04313725605607033,0.054901961237192154,0.10588235408067703,0.9337519585380448,0.9836576075260351,0.0,0.014677900820970535,0.013505988754332066,0.012968147173523903,0.02242414839565754,0.02167789451777935,0.02134593017399311,1.086763385085562,0.9601804968827221,7.537619967479259e-05,0316.jpg
4032,3024,0.05641681328415871,0.06332509219646454,0.0,0.0,0.003921568859368563,0.027450980618596077,0.17708627879619598,0.18492941558361053,0.19669412076473236,0.6699640311371462,0.7735703656462585,0.0,0.057283781468868256,0.05632224306464195,0.05469861999154091,0.061064355075359344,0.06254192441701889,0.06830370426177979,1.0170717869197048,0.9711731252542113,0.0004969015717506409,0317.jpg
4032,3024,0.041578713804483414,0.026235852390527725,0.0,0.003921568859368563,0.007843137718737125,0.03832157328724861,0.07753726094961166,0.09916862845420837,0.1109333336353302,0.6458489163412279,0.9577267442470816,0.0,0.04455555975437164,0.04383086785674095,0.03597525507211685,0.025873234495520592,0.026254741474986076,0.02555922232568264,1.0165334477645183,0.8207785073111828,0.0001046165416482836,0318.jpg
4032,3024,0.031182173639535904,0.03759041056036949,0.0,0.0,0.0034745100419968367,0.01568627543747425,0.10701177269220352,0.11485490202903748,0.12269804626703262,0.8114347783866633,0.8680507166215251,0.0,0.031703390181064606,0.03289163485169411,0.030145281925797462,0.035849470645189285,0.03695966303348541,0.0366579107940197,0.9638750536104194,0.9165055357140173,3.1173731258604676e-05,0319.jpg
4032,3024,0.049962133169174194,0.035463783890008926,0.0,0.0011725490912795067,0.003921568859368563,0.05125882476568222,0.10309020429849625,0.10952549427747726,0.11675294488668442,0.46420878343621397,0.8626736767237759,0.0,0.051696423441171646,0.05194476619362831,0.04541345313191414,0.03436027094721794,0.03564166650176048,0.035495541989803314,0.9952191916559482,0.8742666911992665,0.00015541109314654022,0320.jpg
4032,3024,0.035721827298402786,0.04501211643218994,0.0,0.0,0.0,0.008164705708622932,0.11344706267118454,0.11736863106489182,0.11877647787332535,0.7130467011264382,0.7843603683757454,0.0,0.036667343229055405,0.03413410112261772,0.03483205288648605,0.04475182667374611,0.04496050626039505,0.047367725521326065,1.0742122338333773,1.0204467466307248,2.353597301407717e-05,0321.jpg
4032,3024,0.03790390491485596,0.03585907444357872,0.0,0.0011725490912795067,0.003921568859368563,0.022956864908337593,0.07721568644046783,0.09855294972658157,0.14874118566513062,0.6308101655013857,0.9508686624727052,0.0,0.033852506428956985,0.04193994402885437,0.0457911491394043,0.03225748613476753,0.03818170353770256,0.050271715968847275,0.807170825856151,1.091824473667078,3.12538722937461e-05,0322.jpg
4032,3024,0.009620897471904755,0.01653871312737465,0.0,0.0,0.0,0.003921568859368563,0.03529411926865578,0.054901961237192154,0.06666667014360428,0.9275665706097254,1.0,0.0,0.009639225900173187,0.010506747290492058,0.013704689219594002,0.015101022087037563,0.014700786210596561,0.01818774826824665,0.9174398311706784,1.3043413436479963,7.184811238403199e-06,0323.jpg
4032,3024,0.06117284670472145,0.058108292520046234,0.0,0.0,0.0034745100419968367,0.0387960784137249,0.14874118566513062,0.1526627540588379,0.15658432245254517,0.5593906978300579,0.6978871409674982,0.0,0.06015171855688095,0.06138910725712776,0.059557292610406876,0.05742876976728439,0.0581025630235672,0.06263323128223419,0.9798438420206027,0.9701610775975928,7.856210868339986e-05,0324.jpg
4032,3024,0.013420874252915382,0.01779714785516262,0.0,0.0,0.0,0.006949020083993673,0.031886275857686996,0.04361176863312721,0.10196079313755035,0.9570112381372302,0.9889617353500042,0.0,0.01589537225663662,0.014109097421169281,0.01164031121879816,0.019123386591672897,0.01752043329179287,0.018807057291269302,1.1265954998147216,0.8250340781724712,1.695491846476216e-05,0325.jpg
4032,3024,0.07293932139873505,0.06590119004249573,0.0,0.003921568859368563,0.007929411716759205,0.043709807097911835,0.18011371791362762,0.18795686960220337,0.1997215747833252,0.5343837428875872,0.7255387783971613,0.0,0.07400570064783096,0.07084141671657562,0.07355432957410812,0.06386347860097885,0.06706400960683823,0.07134734839200974,1.0446665158800965,1.0382950354218752,0.00010521399963181466,0326.jpg
4032,3024,0.04379994422197342,0.055628519505262375,0.0,0.0,0.0,0.01568627543747425,0.1423058956861496,0.15014903247356415,0.1579921543598175,0.7505945327590913,0.7627774103468548,0.0,0.04359384998679161,0.04400140047073364,0.042283181101083755,0.051841676235198975,0.05184177681803703,0.05184131860733032,0.9907379943007179,0.9609516901062548,4.950833317707293e-05,0327.jpg
4032,3024,0.016585098579525948,0.029240600764751434,0.0,0.0,0.0,0.003921568859368563,0.09383922070264816,0.0952470600605011,0.09916862845420837,0.884565588388133,0.9976111248897708,0.0,0.017173072323203087,0.0172582995146513,0.015849033370614052,0.025928255170583725,0.027344802394509315,0.02774226665496826,0.9950619553605948,0.9183474310274916,1.2757530384988058e-05,0328.jpg
4032,3024,0.012120965868234634,0.01670633815228939,0.0,0.0,0.0,0.0,0.04010980576276779,0.04010980576276779,0.04403137415647507,0.999975887345679,1.0,0.0,0.012221602723002434,0.012242337688803673,0.013941751793026924,0.017689645290374756,0.017535870894789696,0.018328579142689705,0.9983064286611811,1.138803171767233,1.8380296751274727e-06,0329.jpg
4032,3024,0.0057977912947535515,0.010297510772943497,0.0,0.0,0.0,0.003921568859368563,0.015964707359671593,0.02263529598712921,0.027450980618596077,0.9953354316263543,0.997950260351054,0.0,0.006210732739418745,0.00608073128387332,0.005635290406644344,0.009648358449339867,0.009804042056202888,0.009800644591450691,1.0213757315930982,0.9267575536574375,9.425570169696584e-06,0330.jpg
4032,3024,0.007079159375280142,0.017511820420622826,0.0,0.0,0.0,0.003921568859368563,0.019607843831181526,0.027450980618596077,0.04678039252758026,0.9944973938649534,0.9983309778386663,9.513836398757034e-06,0.008264650590717793,0.007659764960408211,0.007293096277862787,0.01635872758924961,0.016934547573328018,0.01759505458176136,1.0789589072939458,0.9521368056009533,2.7527665224624798e-05,0331.jpg
4032,3024,0.019460802897810936,0.06033884733915329,0.0,0.0,0.0,0.0117647061124444,0.0313725508749485,0.04224313795566559,0.23194509744644165,0.9625573126627194,0.9797204375577392,7.430634290753339e-05,0.02122810296714306,0.02042233943939209,0.020627794787287712,0.05594409257173538,0.059935759752988815,0.06187499687075615,1.0394530742703532,1.0100598312291351,7.141300739021972e-05,0332.jpg
4032,3024,0.014185910113155842,0.014260240830481052,0.0,0.0,0.003921568859368563,0.007843137718737125,0.03529411926865578,0.03921568766236305,0.05098039656877518,0.9879262034674982,0.9998520434408331,3.6086965650457715e-06,0.014870121143758297,0.014283141121268272,0.013922957703471184,0.013492371886968613,0.013631160371005535,0.013356833718717098,1.041093126811527,0.9747843839724605,1.9799143046839163e-05,0333.jpg
4032,3024,0.005592910572886467,0.018539832904934883,0.0,0.0,0.0,0.003921568859368563,0.0117647061124444,0.01568627543747425,0.03921568766236305,0.992715599935962,0.9962572895670614,0.0,0.005979526322335005,0.0056464215740561485,0.005831610877066851,0.017559878528118134,0.01840071938931942,0.019052976742386818,1.05898351024636,1.032791832623484,4.433002322912216e-05,0334.jpg
4032,3024,0.036990970373153687,0.11671249568462372,0.0,0.0,0.003921568859368563,0.010870588943362236,0.0313725508749485,0.055180393159389496,0.6911333799362183,0.9469769292747964,0.9541988332755942,0.0,0.03937261551618576,0.03573183715343475,0.026778966188430786,0.12103216350078583,0.11538903415203094,0.0904134139418602,1.1018888689727522,0.749449758871347,0.00015215105668175966,0335.jpg
4032,3024,0.026249635964632034,0.016439946368336678,0.0,0.003921568859368563,0.007843137718737125,0.023807844147086143,0.05226274952292442,0.05776078626513481,0.06705490499734879,0.8901438131193835,0.999989666005291,0.0,0.030998891219496727,0.026990031823515892,0.015425675548613071,0.01913042739033699,0.016598055139183998,0.010852418839931488,1.1485256074014971,0.571548196063131,1.9137623894494027e-05,0336.jpg
4032,3024,0.01298586931079626,0.04814242199063301,0.0,0.0,0.0,0.003921568859368563,0.019607843831181526,0.028345098719000816,0.2835108444094722,0.9736285476767867,0.9855608669007726,0.0,0.013572092168033123,0.013557234779000282,0.013551623560488224,0.04696043208241463,0.04784752056002617,0.04731648787856102,1.001095820309577,0.9995861394493073,0.00012183441867819056,0337.jpg
4032,3024,0.05934370681643486,0.05895034968852997,0.0,0.0,0.003921568859368563,0.04313725605607033,0.14509806036949158,0.15294118225574493,0.17282745242118835,0.5512521028859074,0.6509083909412531,0.0,0.059022195637226105,0.058994539082050323,0.060378435999155045,0.06044046953320503,0.06047690659761429,0.06225413829088211,1.000468790617157,1.0234576535554665,2.479452086845413e-05,0338.jpg
4032,3024,0.014631225727498531,0.029139315709471703,0.0,0.0,0.0,0.0,0.07815294712781906,0.08235294371843338,0.08740392327308655,0.8264318651843453,0.9999505444538926,0.0,0.014074289239943027,0.01427196990698576,0.015415376052260399,0.026596110314130783,0.026700185611844063,0.029213592410087585,0.9861499976297169,1.0801098967296925,6.247643796086777e-06,0339.jpg
4032,3024,0.11989139765501022,0.1027497798204422,0.007843137718737125,0.014792158268392086,0.01568627543747425,0.05792941525578499,0.2742313742637634,0.2938392162322998,0.30588236451148987,0.3918103748057865,0.6053950997837406,0.0,0.10608310997486115,0.1080109104514122,0.107986219227314,0.10097682476043701,0.10155843198299408,0.10368368774652481,0.9821519639038488,0.9997714027647968,3.266282146796584e-05,0340.jpg
4032,3024,0.09653028845787048,0.1335620880126953,0.0,0.0,0.003921568859368563,0.031650982797145844,0.3653215765953064,0.38128629326820374,0.41847842931747437,0.6209414466017888,0.7687289711409255,0.0,0.09209950268268585,0.09023130685091019,0.08832170814275742,0.12419173866510391,0.1248338595032692,0.12272720038890839,1.0207042898156473,0.9788368625961433,0.00107296509668231,0341.jpg
4032,3024,0.018082790076732635,0.01925785094499588,0.0,0.0,0.0,0.008121568709611893,0.050701964646577835,0.05550196021795273,0.061850983649492264,0.8778457032890317,1.0,0.0,0.020191077142953873,0.01909591443836689,0.014497580006718636,0.021175572648644447,0.018975796177983284,0.016272833570837975,1.057347625875452,0.7592106072167388,1.4997879588918295e-05,0342.jpg
4032,3024,0.020444359630346298,0.016072353348135948,0.0,0.0,0.0,0.018713727593421936,0.04313725605607033,0.051596082746982574,0.061850983649492264,0.9435740104297892,0.9999537430713026,0.0,0.022341853007674217,0.022096805274486542,0.015945423394441605,0.016103794798254967,0.016247646883130074,0.01593850925564766,1.0110892339824624,0.7216292838299586,2.8231184842297807e-05,0343.jpg
4032,3024,0.06237512454390526,0.14417962729930878,0.0,0.0,0.003921568859368563,0.014792158268392086,0.06945882737636566,0.5211451053619385,0.5534117817878723,0.8858275659800957,0.9047741251207273,0.0,0.05470563471317291,0.05906130000948906,0.06753923743963242,0.12463975697755814,0.1391509771347046,0.16957473754882812,0.9262530362749781,1.1435422838050884,0.00010499700147192925,0344.jpg
4032,3024,0.017430739477276802,0.022646820172667503,0.0,0.0034745100419968367,0.003921568859368563,0.010870588943362236,0.03529411926865578,0.07450980693101883,0.11372549086809158,0.918500130569203,0.9743561921296297,0.0,0.020210817456245422,0.01950092427432537,0.014035522006452084,0.02219446748495102,0.021111879497766495,0.022481221705675125,1.036401186464181,0.7197506158369926,1.590965075592976e-05,0345.jpg
4032,3024,0.03753914684057236,0.01709325797855854,0.0,0.007843137718737125,0.017992157489061356,0.03580784425139427,0.05792941525578499,0.06694509834051132,0.09322353452444077,0.8246946058515999,0.9935802108266146,0.0,0.04368813708424568,0.03816671669483185,0.026209412142634392,0.017957905307412148,0.016663655638694763,0.018068967387080193,1.144662056511268,0.686716796611086,1.920162139867898e-05,0346.jpg
4032,3024,0.010075769387185574,0.009316649287939072,0.0,0.0,0.0,0.007843137718737125,0.023807844147086143,0.026556862518191338,0.02772941254079342,0.9999913063219115,0.9999990978258587,0.0,0.011495781131088734,0.011168282479047775,0.007805102504789829,0.009664149954915047,0.009304909966886044,0.006451005581766367,1.029321368911146,0.6988902393178018,4.6021650632610545e-06,0347.jpg
4032,3024,0.02269422821700573,0.059222202748060226,0.0,0.0,0.003921568859368563,0.01568627543747425,0.030478432774543762,0.03921568766236305,0.545098066329956,0.9722207459372638,0.9888832461997145,8.267195767195767e-05,0.02375631406903267,0.023653201758861542,0.022507576271891594,0.053485363721847534,0.05755501985549927,0.07104184478521347,1.0043591540827412,0.9515677806992255,2.2578313291887753e-05,0348.jpg
4032,3024,0.019020110368728638,0.011610821820795536,0.0,0.0,0.003921568859368563,0.015964707359671593,0.03529411926865578,0.03921568766236305,0.046164706349372864,0.9958253942008902,0.9998905908814143,0.0,0.020734120160341263,0.019839877262711525,0.01744549721479416,0.011680876836180687,0.011906872503459454,0.011587012559175491,1.0450707338082452,0.8793208578323648,3.0073348170844838e-05,0349.jpg
