H,W,l_mean,l_std,l_p01,l_p05,l_p10,l_p50,l_p90,l_p95,l_p99,dark_frac_005,dark_frac_010,clip_frac_098,r_mean,g_mean,b_mean,r_std,g_std,b_std,rg,bg,sharp_lap_var,file
4032,3024,0.5503629446029663,0.2688688039779663,0.08864706009626389,0.14933334290981293,0.19628627598285675,0.541266679763794,0.9374392628669739,0.9731215834617615,0.995396077632904,0.002055070677962543,0.015401014765474091,0.04017939158688166,0.5754466652870178,0.5389781594276428,0.5088657736778259,0.2562580108642578,0.2684701085090637,0.2866401672363281,1.0676621817773102,0.9441307048276336,0.07158884406089783,0001.jpg
4032,3024,0.6122955083847046,0.22288620471954346,0.07949411869049072,0.17514902353286743,0.3011019825935364,0.6006156802177429,0.8942784070968628,0.9285098314285278,0.9708588719367981,0.0015651901192575797,0.020144072289409592,0.005004688024901318,0.5902032852172852,0.5846681594848633,0.5730204582214355,0.21090199053287506,0.2234315574169159,0.2535164952278137,1.009467107410452,0.9800781329501111,0.04949529469013214,0002.jpg
4032,3024,0.41401875019073486,0.26353636384010315,0.02777254953980446,0.06694509834051132,0.09684314578771591,0.3674353063106537,0.8114196062088013,0.858631432056427,0.9640039205551147,0.027555678907365416,0.10779726145859578,0.007083051198874611,0.44684484601020813,0.40908282995224,0.3791492283344269,0.25316935777664185,0.26163384318351746,0.2775934934616089,1.0923087477262956,0.9268277076087124,0.055675141513347626,0003.jpg
4032,3024,0.43110916018486023,0.27246883511543274,0.05015294626355171,0.07862745225429535,0.0977058857679367,0.4354470670223236,0.7648588418960571,0.8086863160133362,0.9759058356285095,0.009720270245443856,0.10803904412845385,0.00843770667989418,0.43849948048591614,0.42192187905311584,0.4021860659122467,0.2668358385562897,0.2694310247898102,0.2833588123321533,1.0392905961155838,0.9532241219410512,0.04312276467680931,0004.jpg
4032,3024,0.5941557288169861,0.25087371468544006,0.07389412075281143,0.13642746210098267,0.21603137254714966,0.5973294377326965,0.9368274211883545,0.9613255262374878,0.98112553358078,0.002672403838078441,0.025576882952254975,0.012269978400310742,0.6448831558227539,0.5800518989562988,0.4984293282032013,0.25533390045166016,0.247512549161911,0.23294241726398468,1.111767835283829,0.8592842637284241,0.025807103142142296,0005.jpg
4032,3024,0.4683641195297241,0.2426748424768448,0.006949020083993673,0.05040784552693367,0.09347451478242874,0.49863532185554504,0.7735176086425781,0.8793803453445435,0.9342275261878967,0.04900511516334929,0.10681126713802805,0.0009573707955404384,0.49894559383392334,0.4546329975128174,0.4234246015548706,0.25519490242004395,0.23149602115154266,0.235331192612648,1.097468725532029,0.9313549005822713,0.014615073800086975,0006.jpg
4032,3024,0.47734981775283813,0.2931234836578369,0.008078431710600853,0.036490198224782944,0.07456471025943756,0.5128862857818604,0.859494149684906,0.8890666365623474,0.9367098212242126,0.06609237541467204,0.13544455204921474,0.0017935221928277484,0.5129616856575012,0.4541437327861786,0.40460529923439026,0.30396342277526855,0.28778839111328125,0.27901750802993774,1.129513674000961,0.8909192819481359,0.04047811031341553,0007.jpg
4032,3024,0.5415617823600769,0.2504771053791046,0.04403921589255333,0.09082353115081787,0.13387450575828552,0.6107019782066345,0.8075294494628906,0.8343921899795532,0.9140039086341858,0.01278610402494331,0.060786689289913494,0.0015137661932056773,0.5734906792640686,0.5346804261207581,0.46117928624153137,0.2508299648761749,0.24594423174858093,0.27298662066459656,1.0725857515285098,0.8625328349022798,0.03330050781369209,0008.jpg
4032,3024,0.538314700126648,0.18688470125198364,0.09742353856563568,0.1681215763092041,0.26303529739379883,0.5675333738327026,0.7398157119750977,0.8206706047058105,0.9645882844924927,0.00037678072772318803,0.01236462466931217,0.009034453866423112,0.586750864982605,0.5273988842964172,0.4702487587928772,0.19559146463871002,0.18331000208854675,0.18051683902740479,1.112536961902005,0.8916379635164657,0.009101487696170807,0009.jpg
4032,3024,0.5278696417808533,0.2799188494682312,0.07344706356525421,0.11796863377094269,0.16707845032215118,0.5261490941047668,0.8780118227005005,0.9284784197807312,0.9521999955177307,0.002896307056773327,0.02907174154383976,0.0008855249275636181,0.5618363618850708,0.5099632740020752,0.46612119674682617,0.29296883940696716,0.27552419900894165,0.27579206228256226,1.1017190625451236,0.9140291202927077,0.013855332508683205,0010.jpg
4032,3024,0.46456289291381836,0.2673112452030182,0.07901176065206528,0.10556863248348236,0.133980393409729,0.4233882427215576,0.8659921884536743,0.9290039539337158,0.9867921471595764,0.0007427353657512388,0.0392139832399009,0.020456470589779122,0.47588083148002625,0.46268460154533386,0.3706723153591156,0.2747665047645569,0.2616920471191406,0.2622799575328827,1.0285209435751146,0.8011343212779815,0.02177954651415348,0011.jpg
4032,3024,0.4749855101108551,0.3087288737297058,0.06560392677783966,0.08913333714008331,0.1053764745593071,0.4655059278011322,0.8886470794677734,0.898835301399231,0.9365490078926086,0.0019007988998068362,0.08195891203703703,0.0008216345951961031,0.5011178851127625,0.45338645577430725,0.4054821729660034,0.3178141415119171,0.3005799949169159,0.29524317383766174,1.105277348833876,0.8943414022637842,0.01320642326027155,0012.jpg
4032,3024,0.5566389560699463,0.2641769349575043,0.09501177072525024,0.13271765410900116,0.18369804322719574,0.5568000078201294,0.9049568772315979,0.9567882418632507,0.9847019910812378,0.0001224496357184849,0.013798015348114555,0.015448583947467877,0.5769825577735901,0.5438216924667358,0.5196629166603088,0.26708248257637024,0.25837981700897217,0.25671279430389404,1.0609773475182493,0.9555760064059763,0.007071453146636486,0013.jpg
4032,3024,0.6070322394371033,0.24878603219985962,0.0871686264872551,0.14992156624794006,0.227647066116333,0.6166157722473145,0.9146196246147156,0.9303058385848999,0.9566274285316467,0.0013864776234567902,0.017137043860754177,0.0006659685479129924,0.6298823952674866,0.5883259773254395,0.552417516708374,0.23990948498249054,0.24387796223163605,0.26418769359588623,1.0706349012431224,0.938965129934536,0.027519825845956802,0014.jpg
4032,3024,0.5461453199386597,0.2783218324184418,0.0751098096370697,0.10999999940395355,0.15283921360969543,0.5536627769470215,0.8973843455314636,0.9418862462043762,0.9684862494468689,0.0022163958175862937,0.03668379485281767,0.00043287955614344504,0.5918601751327515,0.5159549713134766,0.47808361053466797,0.2870662212371826,0.2747456133365631,0.2720692753791809,1.1471156611019384,0.9265996269363858,0.018347641453146935,0015.jpg
4032,3024,0.6036344170570374,0.231644868850708,0.11443530023097992,0.1918901950120926,0.2655372619628906,0.6122745871543884,0.9054940938949585,0.9212235808372498,0.9410823583602905,0.00014918679663223315,0.0037819140001679684,0.0012755922199126563,0.6339130997657776,0.5796024203300476,0.5262985229492188,0.2268494963645935,0.22750437259674072,0.24735863506793976,1.0937031727742452,0.9080338460555053,0.020726222544908524,0016.jpg
4032,3024,0.5131037831306458,0.22708939015865326,0.09745882451534271,0.2008706033229828,0.2800353169441223,0.43510979413986206,0.8702431321144104,0.8819646835327148,0.9057568311691284,0.0007026296243806164,0.01114537732531284,0.0005707481680943983,0.571829617023468,0.550973653793335,0.504791259765625,0.22185754776000977,0.22794398665428162,0.2493685930967331,1.0378528541858405,0.9161805471272504,0.02076922357082367,0017.jpg
4032,3024,0.5619163513183594,0.24700938165187836,0.0784313753247261,0.14940784871578217,0.21596470475196838,0.5803922414779663,0.8907372951507568,0.9322392344474792,0.9818510413169861,0.002233209062946166,0.01806808757453599,0.011260691583732258,0.5844277143478394,0.5659477114677429,0.5336287617683411,0.24995636940002441,0.24490569531917572,0.2347889542579651,1.0326531406568098,0.9428942074705229,0.0596013143658638,0018.jpg
4032,3024,0.5899454355239868,0.24738356471061707,0.06939215958118439,0.14448235929012299,0.18405883014202118,0.6629412174224854,0.8589411973953247,0.9253294467926025,0.9373294711112976,0.006528378133660872,0.02068152203010834,0.0012928975602586714,0.6169747114181519,0.5889674425125122,0.5553885102272034,0.23316805064678192,0.252302885055542,0.26097890734672546,1.0475530892388087,0.9429868735546124,0.004397261422127485,0019.jpg
4032,3024,0.5856665372848511,0.18342696130275726,0.121635302901268,0.30898040533065796,0.3498392403125763,0.5803922414779663,0.8118314146995544,0.8671804070472717,0.9763098955154419,0.0006736780360292265,0.006169968952087008,0.009033715723943899,0.6226397752761841,0.5897412896156311,0.500683069229126,0.16729161143302917,0.19170165061950684,0.22199591994285583,1.0557845117093345,0.8489879020808403,0.004034661687910557,0020.jpg
4032,3024,0.562868058681488,0.19867968559265137,0.08235294371843338,0.15746274590492249,0.2813725471496582,0.5562000274658203,0.8280784487724304,0.866525411605835,0.8939765095710754,0.0031722083123372808,0.018148135025615183,0.0007210831863609642,0.6186208724975586,0.5488747358322144,0.4794878363609314,0.2001107931137085,0.19986265897750854,0.21965211629867554,1.1270709053290433,0.8735835910726178,0.001900773961097002,0021.jpg
4032,3024,0.3936009109020233,0.2065950334072113,0.09459216147661209,0.13749411702156067,0.16868236660957336,0.3375764787197113,0.6949254870414734,0.8229868561029449,0.9724627733230591,0.0017051911428151508,0.012963094188292602,0.007802330036953053,0.4261922240257263,0.36619317531585693,0.34962406754493713,0.18403780460357666,0.2125486433506012,0.23295485973358154,1.163844901842357,0.9547532186806951,0.006674588657915592,0022.jpg
4032,3024,0.40370723605155945,0.18922922015190125,0.08254902809858322,0.12147058546543121,0.17317648231983185,0.37534117698669434,0.659439206123352,0.7803255319595337,0.9377999901771545,0.001254186088015453,0.029970224972705132,0.004075776722726128,0.4421274662017822,0.3882123529911041,0.3562975525856018,0.17690029740333557,0.19156092405319214,0.21153439581394196,1.1388801101128367,0.9177905650086342,0.00289732008241117,0023.jpg
4032,3024,0.49705591797828674,0.21200664341449738,0.0311372559517622,0.12557648122310638,0.21805883944034576,0.5025568604469299,0.7798470854759216,0.8983333706855774,1.0,0.01857707782186949,0.04133163199693458,0.02199074074074074,0.5579674243927002,0.5010772943496704,0.48211148381233215,0.20600853860378265,0.21763883531093597,0.21573427319526672,1.1135354109019335,0.9621500057950958,0.005778586957603693,0024.jpg
4032,3024,0.6325154900550842,0.184234619140625,0.11381176859140396,0.2321372628211975,0.32530587911605835,0.67413729429245,0.8116235136985779,0.8469176292419434,0.9721359354257598,0.0013365299823633156,0.007235108549592677,0.008526283777399848,0.6913154721260071,0.6144537329673767,0.5282135605812073,0.19358570873737335,0.183506578207016,0.17659379541873932,1.1250893435020723,0.8596476391845969,0.005281768273562193,0025.jpg
4032,3024,0.6029521226882935,0.21324962377548218,0.09278431534767151,0.21600784361362457,0.32072943449020386,0.6155451536178589,0.8360275030136108,0.8584705591201782,0.964521586894989,0.002274545041782145,0.012440653344671202,0.00695805907239439,0.6592699289321899,0.6367352604866028,0.5870101451873779,0.21164603531360626,0.21686559915542603,0.21429112553596497,1.0353908986247553,0.9219062610613314,0.00737371388822794,0026.jpg
4032,3024,0.6153155565261841,0.2612828314304352,0.07450980693101883,0.13384705781936646,0.21545098721981049,0.6276470422744751,0.9325255155563354,0.9536431431770325,0.9776862859725952,0.0018813611478542035,0.02302733882905014,0.007229695504745108,0.6102953553199768,0.5972939729690552,0.5942778587341309,0.25848472118377686,0.2568792402744293,0.26714301109313965,1.0217671049302388,0.9949503773321049,0.03320883959531784,0027.jpg
4032,3024,0.5922523140907288,0.23570415377616882,0.10645490884780884,0.1957647204399109,0.27781569957733154,0.5573804378509521,0.9090275168418884,0.9293450713157654,0.9607177376747131,0.00028352872784916436,0.007754104728311078,0.0016738610953640715,0.5839208364486694,0.5832265019416809,0.5692468881607056,0.22290588915348053,0.22859549522399902,0.26218998432159424,1.0011905037136914,0.9760305991496725,0.01678987592458725,0028.jpg
4032,3024,0.5245912075042725,0.241733118891716,0.08235294371843338,0.13421568274497986,0.18145489692687988,0.5480941534042358,0.8401451110839844,0.9488392263650894,0.9919019937515259,0.0017670310794070715,0.01962638836398757,0.026335283341731755,0.5337247252464294,0.5119151473045349,0.4700300693511963,0.24666957557201385,0.2361632138490677,0.23392412066459656,1.0426038093479404,0.9181798070369881,0.08091387897729874,0029.jpg
4032,3024,0.5301284193992615,0.2574732303619385,0.07044706493616104,0.11008235812187195,0.16585098206996918,0.5373451113700867,0.8587921857833862,0.9098705649375916,0.9907922148704529,0.0024895085348954397,0.0381922300170068,0.023162746966070378,0.5686319470405579,0.532385528087616,0.43973350524902344,0.2592460513114929,0.2564079761505127,0.2576150596141815,1.0680829003753016,0.8259685060562902,0.036752257496118546,0030.jpg
4032,3024,0.5898942351341248,0.2206578403711319,0.09690980613231659,0.16927452385425568,0.2546902000904083,0.5998274683952332,0.9030157327651978,0.9422980546951294,0.9687882661819458,0.0022223009574200052,0.011489105673133451,0.002037355258461409,0.6085978150367737,0.5548271536827087,0.515410304069519,0.22778944671154022,0.2170400321483612,0.20602956414222717,1.0969140823102768,0.9289566519803335,0.01642422005534172,0031.jpg
4032,3024,0.5022707581520081,0.20173664391040802,0.11494117975234985,0.21805883944034576,0.2584039270877838,0.5029764771461487,0.7297999858856201,0.8388471007347107,0.996313750743866,0.004302796542999916,0.008732307544931553,0.025525951121189216,0.5748255848884583,0.5112506151199341,0.4555172920227051,0.19780901074409485,0.20671042799949646,0.20291590690612793,1.124351626260604,0.8909865094819219,0.006055939476937056,0032.jpg
4032,3024,0.46024101972579956,0.2377159595489502,0.06246666982769966,0.12883922457695007,0.1563490331172943,0.4992784261703491,0.7597764730453491,0.8437098264694214,0.9027568697929382,0.0026432882180650037,0.031860279798647854,0.0028325807560678593,0.4871964156627655,0.43115442991256714,0.4095897674560547,0.2507624328136444,0.235615074634552,0.2098149210214615,1.1299809346285237,0.9499840174554093,0.005729045253247023,0033.jpg
4032,3024,0.5505778789520264,0.26007214188575745,0.05541568621993065,0.10202746093273163,0.15832549333572388,0.5930196642875671,0.854866623878479,0.8775882720947266,0.9336901903152466,0.006226477859662383,0.0478650130962879,0.00045510584635088605,0.541820228099823,0.5351025462150574,0.48904091119766235,0.25917136669158936,0.2540290951728821,0.2972162663936615,1.0125539849853018,0.9139201462161812,0.029484834522008896,0034.jpg
4032,3024,0.4794040322303772,0.19328133761882782,0.044741179794073105,0.1493411809206009,0.21616078913211823,0.477117657661438,0.7057411670684814,0.8357372283935547,0.9836392402648926,0.011132008744855967,0.027499744110607207,0.012559822347148737,0.5165855288505554,0.4882204830646515,0.45774760842323303,0.1947186291217804,0.19525359570980072,0.19112303853034973,1.0580987252094103,0.937583912837807,0.025327501818537712,0035.jpg
4032,3024,0.3207310140132904,0.21190239489078522,0.0470588244497776,0.062745101749897,0.09019608050584793,0.2628980576992035,0.6307804584503174,0.7670117616653442,0.9608392119407654,0.013864776234567902,0.11540742840346015,0.006947068951037205,0.39397385716438293,0.31069886684417725,0.27287909388542175,0.2170531153678894,0.21094150841236115,0.2078797072172165,1.268023900898451,0.8782755417860448,0.008364765904843807,0036.jpg
4032,3024,0.5018385052680969,0.24232278764247894,0.054007843136787415,0.11886275559663773,0.17949804663658142,0.4929686486721039,0.9017254710197449,0.9637059569358826,0.9936745762825012,0.007889676896993365,0.03697003010309062,0.0315809338781809,0.516830325126648,0.4939979910850525,0.44497188925743103,0.2448161542415619,0.2375674694776535,0.23741155862808228,1.0462193940749658,0.900756676203048,0.0694127231836319,0037.jpg
4032,3024,0.4575953185558319,0.24481871724128723,0.017415687441825867,0.07383530586957932,0.1259451061487198,0.45842355489730835,0.7884824275970459,0.886521577835083,0.9845058917999268,0.030968275620433357,0.07442780835327958,0.012807756204333585,0.48237767815589905,0.45171183347702026,0.39078858494758606,0.24910792708396912,0.2400922030210495,0.2422412782907486,1.0678879199486786,0.8651283647168427,0.09671376645565033,0038.jpg
4032,3024,0.5908665060997009,0.25139954686164856,0.09360392391681671,0.15573333203792572,0.22058823704719543,0.5806823968887329,0.9300118088722229,0.9653058648109436,0.9844667315483093,0.0019089184670781894,0.012723443930041153,0.01898371231208533,0.6053277850151062,0.5766826868057251,0.5516740083694458,0.2450200617313385,0.24784232676029205,0.2568775713443756,1.0496721146527441,0.9566336294775332,0.05918002128601074,0039.jpg
4032,3024,0.5276684761047363,0.27642855048179626,0.0544823557138443,0.106258824467659,0.15538039803504944,0.514435350894928,0.8945568203926086,0.9325921535491943,0.9910274744033813,0.008279580157680357,0.04347191712333082,0.0191371639319308,0.5495730638504028,0.5196654796600342,0.48596611618995667,0.26963528990745544,0.2741001546382904,0.2988182604312897,1.0575514976642983,0.9351519391973796,0.09258758276700974,0040.jpg
4032,3024,0.5432227253913879,0.22894614934921265,0.07209412008523941,0.13612549006938934,0.208905890583992,0.5692862868309021,0.8310196399688721,0.9181608557701111,0.9855961203575134,0.003602217314394894,0.025833920566683464,0.015998254046989166,0.5394856333732605,0.5181159973144531,0.49993643164634705,0.22992593050003052,0.22715994715690613,0.22314654290676117,1.0412448079672587,0.9649122384281235,0.03982454910874367,0041.jpg
4032,3024,0.4593454599380493,0.27502506971359253,0.012399999424815178,0.07730196416378021,0.13023921847343445,0.3874196410179138,0.8584549427032471,0.9145529866218567,0.9850156903266907,0.03058452354707315,0.06982868861279079,0.012475674104518351,0.4904313087463379,0.4610738158226013,0.4403241276741028,0.25878089666366577,0.2735149562358856,0.29949647188186646,1.0636718639064249,0.9549971340085467,0.06602124124765396,0042.jpg
4032,3024,0.5898452997207642,0.21315310895442963,0.06827059388160706,0.17623530328273773,0.27854904532432556,0.6276039481163025,0.8128196597099304,0.8308274745941162,0.9291882514953613,0.006379929479507852,0.019821914105148233,0.0005758331496178718,0.5896502137184143,0.5740396976470947,0.5824577212333679,0.1979418694972992,0.21186143159866333,0.2601259648799896,1.027194092919378,1.0146645065772817,0.032683346420526505,0043.jpg
4032,3024,0.5104106664657593,0.25672590732574463,0.0748862773180008,0.12638431787490845,0.17589804530143738,0.4954235553741455,0.8700157403945923,0.9417098164558411,0.9930509924888611,0.003703670897371294,0.02530270402914252,0.02505083341206853,0.5492221117019653,0.5048666000366211,0.44497647881507874,0.2623356878757477,0.25509893894195557,0.2483387589454651,1.0878557302194216,0.8813745995639288,0.09381876140832901,0044.jpg
4032,3024,0.6511437892913818,0.26838788390159607,0.07450980693101883,0.12495294958353043,0.2068745195865631,0.7959333658218384,0.8854353427886963,0.8990548849105835,0.984419584274292,0.0016614767048794827,0.027767525798899805,0.013932603326824557,0.7285020351409912,0.6443057656288147,0.5786228179931641,0.27314645051956177,0.26864466071128845,0.2646133601665497,1.130677301564581,0.8980564055205178,0.03233199939131737,0045.jpg
4032,3024,0.5664801597595215,0.276915967464447,0.09019608050584793,0.1261058896780014,0.16924314200878143,0.5812784433364868,0.9671450853347778,0.9880431890487671,0.9946353435516357,0.0018701249790039473,0.017857552936297975,0.07505826404635929,0.5894705653190613,0.5661171674728394,0.5360599160194397,0.284561425447464,0.2716580331325531,0.26459792256355286,1.0412518078168589,0.9469064001468532,0.0871216356754303,0046.jpg
4032,3024,0.6335541605949402,0.2792831361293793,0.0708666741847992,0.1520470678806305,0.21256080269813538,0.6506823897361755,0.9579843282699585,0.9720627069473267,0.983258843421936,0.003685463382884018,0.022401804085831863,0.01779907564877803,0.7482279539108276,0.6252325177192688,0.5422722697257996,0.2764015197753906,0.29110416769981384,0.27704674005508423,1.196719198036955,0.8673131787686428,0.04665760323405266,0047.jpg
4032,3024,0.5770403742790222,0.202133908867836,0.11532942205667496,0.20711374282836914,0.31609806418418884,0.5679647326469421,0.8588588237762451,0.9142667055130005,0.9797765016555786,0.0014773511642311246,0.007154733035189384,0.0098387831212732,0.7120677828788757,0.5464377403259277,0.4796724319458008,0.21659646928310394,0.20678108930587769,0.20825287699699402,1.3031081625987144,0.8778173957060506,0.023306386545300484,0048.jpg
4032,3024,0.4017266631126404,0.24292132258415222,0.049850981682538986,0.08538039028644562,0.10616078972816467,0.3725568652153015,0.7256431579589844,0.8009607791900635,0.9906195998191833,0.010223765432098766,0.0828997976505417,0.013983371126228269,0.40681400895118713,0.3912319540977478,0.3797953426837921,0.25025808811187744,0.24122226238250732,0.23268990218639374,1.039828073505143,0.9707677707254223,0.005033597815781832,0049.jpg
4032,3024,0.4492737352848053,0.27651330828666687,0.062219612300395966,0.10522745549678802,0.12905490398406982,0.3724745213985443,0.8357686400413513,0.881772518157959,0.9211843013763428,0.006936160845511044,0.041681019437095825,0.0005779655612244898,0.5251054763793945,0.43614330887794495,0.3678739666938782,0.29057666659355164,0.28135475516319275,0.250940203666687,1.2039741564674313,0.8434707485701207,0.01165471225976944,0050.jpg
4032,3024,0.4233308732509613,0.30944567918777466,0.0313725508749485,0.0470588244497776,0.05792941525578499,0.39282354712486267,0.8662392497062683,0.9051098823547363,0.9620000720024109,0.05911742108108676,0.27060459118060803,0.00354989121420173,0.45673689246177673,0.42065611481666565,0.38027721643447876,0.324617475271225,0.3034363389015198,0.28389376401901245,1.0857724174256178,0.904009947865056,0.031285520642995834,0051.jpg
4032,3024,0.3813542127609253,0.30719873309135437,0.0036862746346741915,0.0076078432612121105,0.015450980514287949,0.3135843276977539,0.8629921674728394,0.945486307144165,1.0,0.18372046445893173,0.23446948223733938,0.028354513101536912,0.4075987637042999,0.37476417422294617,0.33943793177604675,0.32296890020370483,0.3019295930862427,0.27921441197395325,1.0876137692074361,0.9057376595353441,0.009062306955456734,0052.jpg
4032,3024,0.3738633096218109,0.31598907709121704,0.0,0.0,0.003921568859368563,0.31831374764442444,0.8555451035499573,0.9976981282234192,1.0,0.22221475878159905,0.2763975333574788,0.07342098201163182,0.3926307260990143,0.36916568875312805,0.34521180391311646,0.31953164935112,0.30609244108200073,0.30386289954185486,1.0635621741093166,0.935113634112231,0.006435428746044636,0053.jpg
4032,3024,0.35467836260795593,0.2448951154947281,0.04152156785130501,0.06240000203251839,0.07723529636859894,0.29462355375289917,0.713619589805603,0.8363176584243774,1.0,0.018515237885277567,0.1599143853143109,0.01665684117011002,0.37332671880722046,0.3444657623767853,0.3466023802757263,0.25473645329475403,0.23980408906936646,0.23666642606258392,1.0837844447786416,1.0062026823261512,0.014261242933571339,0054.jpg
4032,3024,0.5656231045722961,0.19949060678482056,0.09452549368143082,0.22330589592456818,0.2751372754573822,0.6476392149925232,0.7565098404884338,0.8042770773172393,0.9378470778465271,0.001203090225287646,0.010677394993491223,0.004448374643067104,0.5912938117980957,0.5573804974555969,0.5126401782035828,0.18555065989494324,0.20557908713817596,0.21347865462303162,1.0608439901527238,0.9197312442981149,0.005595885217189789,0055.jpg
4032,3024,0.6401146054267883,0.24317996203899384,0.11283137649297714,0.209396094083786,0.24994900822639465,0.7264196276664734,0.8936548829078674,0.9536977261304943,0.9955294728279114,0.0007036958301839255,0.006219424498194339,0.031042581963340893,0.6977381110191345,0.6134428381919861,0.5302950739860535,0.2268671691417694,0.2534673511981964,0.24338075518608093,1.1374131869603472,0.8644574139810492,0.006161834578961134,0056.jpg
4032,3024,0.4988843500614166,0.22733165323734283,0.062745101749897,0.10121960937976837,0.14402353763580322,0.5346705913543701,0.7575098276138306,0.7959607839584351,0.8197686672210693,0.0029813574735449737,0.04939050755332997,0.00010022334551104392,0.5621491074562073,0.49522119760513306,0.4046957492828369,0.22767770290374756,0.22949616611003876,0.22661371529102325,1.1351472332515262,0.8172023613641065,0.0028588834684342146,0057.jpg
4032,3024,0.6171004176139832,0.21859343349933624,0.09501177072525024,0.12860392034053802,0.21236863732337952,0.7105686664581299,0.8043647408485413,0.8203294277191162,0.9441725611686707,0.0001391808652473335,0.016254635534769465,0.003110286359914336,0.6952235698699951,0.5953057408332825,0.5079595446586609,0.2293691337108612,0.2186310887336731,0.2017240673303604,1.1678425964013985,0.853275311392647,0.004505648743361235,0058.jpg
4032,3024,0.5904943943023682,0.21986280381679535,0.0740235298871994,0.1801372468471527,0.28109413385391235,0.6339804530143738,0.8320078253746033,0.859490156173706,0.9843804240226746,0.004811458727009322,0.018335541199504493,0.011991616669816074,0.6340115070343018,0.6009455919265747,0.5250619053840637,0.22583790123462677,0.2226332277059555,0.2139735221862793,1.0550230512194454,0.8737264050383654,0.011007633060216904,0059.jpg
4032,3024,0.545078456401825,0.1940072923898697,0.10588235408067703,0.19546274840831757,0.24625098705291748,0.5805882811546326,0.76067054271698,0.811345100402832,0.9807804822921753,0.003417517662929369,0.008991477570966659,0.010149787152515327,0.5424292683601379,0.5079535245895386,0.49386274814605713,0.20348437130451202,0.19542701542377472,0.1873931884765625,1.0678717131193154,0.972259767830855,0.011546998284757137,0060.jpg
4032,3024,0.693688154220581,0.2055395394563675,0.10096079111099243,0.29710590839385986,0.35017257928848267,0.7535764575004578,0.9180470705032349,0.9454784393310547,0.9687882661819458,0.007388806216931217,0.00997788197068951,0.0008003104791299236,0.7672895789146423,0.6742610335350037,0.6150071024894714,0.17949005961418152,0.22574248909950256,0.1953529417514801,1.137970908567862,0.9121203210347211,0.006087382789701223,0061.jpg
4032,3024,0.625633716583252,0.182050421833992,0.0865529403090477,0.21526667475700378,0.45079609751701355,0.6320392489433289,0.8538392782211304,0.897686243057251,0.9580783843994141,0.0005979774239942891,0.016298267956874106,0.0033906984861845975,0.6281880736351013,0.5992617607116699,0.5677290558815002,0.1818772554397583,0.18341697752475739,0.1755005121231079,1.0482698322336585,0.9473808370926934,0.0025469292886555195,0062.jpg
4032,3024,0.4868205189704895,0.2565867602825165,0.016901960596442223,0.10563921928405762,0.17383137345314026,0.4854353070259094,0.8203765153884888,0.8544980883598328,0.9139725565910339,0.02335195748824221,0.046855234184723274,0.0016716466679264298,0.5151534676551819,0.4602978229522705,0.40522459149360657,0.26520606875419617,0.25650110840797424,0.2378828078508377,1.119173984306711,0.8803533080848772,0.003857225412502885,0063.jpg
4032,3024,0.5540361404418945,0.24000613391399384,0.016901960596442223,0.11063137650489807,0.17663412392139416,0.5612509846687317,0.8583961129188538,0.885941207408905,0.9554548859596252,0.022032158735407745,0.04422588865793231,0.0032139543703283784,0.5880715250968933,0.5339392423629761,0.4860258996486664,0.2502499520778656,0.23744025826454163,0.22881339490413666,1.1013826612775102,0.9102645972098542,0.00852828286588192,0064.jpg
4032,3024,0.4167102873325348,0.21326008439064026,0.010635294951498508,0.0713176503777504,0.11035294085741043,0.41989806294441223,0.7092235684394836,0.8241647481918335,0.973392128944397,0.02837649334425128,0.08508469938901486,0.008040504010246073,0.45831385254859924,0.39977404475212097,0.36973100900650024,0.2112969160079956,0.2151004821062088,0.2140255570411682,1.1464318710358112,0.9248501472515654,0.019365299493074417,0065.jpg
4032,3024,0.5820980072021484,0.24070625007152557,0.09100392460823059,0.16990980505943298,0.2076157033443451,0.6365098357200623,0.8593646883964539,0.9058823585510254,0.9599764943122864,0.0018845597652641303,0.012481497228521038,0.002723663732468296,0.6472470164299011,0.5503097772598267,0.5035464763641357,0.23269544541835785,0.24839143455028534,0.24328303337097168,1.1761499922875507,0.9150238322997409,0.0067230332642793655,0066.jpg
4032,3024,0.4668080806732178,0.20453502237796783,0.04010980576276779,0.07361569255590439,0.14789019525051117,0.4931921660900116,0.6981921792030334,0.7692705988883972,0.9836117625236511,0.016106432928109517,0.07763643169459142,0.01065926949483497,0.47660255432128906,0.4595959782600403,0.4340965449810028,0.20734086632728577,0.20320811867713928,0.19625283777713776,1.037003237326827,0.9445178395741978,0.0018733922624960542,0067.jpg
4032,3024,0.5780153870582581,0.25255441665649414,0.018478430807590485,0.0644470602273941,0.14526668190956116,0.6342941522598267,0.8858901858329773,0.9020902514457703,0.9485059380531311,0.03850323404824893,0.07204122968631897,0.0018524915753338372,0.6364966630935669,0.5499904155731201,0.48016464710235596,0.26458656787872314,0.24967560172080994,0.22876755893230438,1.1572865413368365,0.8730420757603969,0.024103214964270592,0068.jpg
4032,3024,0.5604027509689331,0.2461363673210144,0.062745101749897,0.10677646845579147,0.14532549679279327,0.6164628267288208,0.8317176103591919,0.9209529757499695,0.9849294424057007,0.004852056563366087,0.03739987507348618,0.011623693651843453,0.5723183751106262,0.5350956916809082,0.5124704837799072,0.23736533522605896,0.24919983744621277,0.2495817393064499,1.069562537030064,0.9577175335733659,0.006666978355497122,0069.jpg
4032,3024,0.6268036365509033,0.2896571755409241,0.07483137398958206,0.12897256016731262,0.18883530795574188,0.7498823404312134,0.9329137802124023,0.9443215727806091,0.9644626975059509,0.001412230594398253,0.02544311513185521,0.0017594036071218611,0.6835825443267822,0.6463543176651001,0.586995542049408,0.29261621832847595,0.2890600562095642,0.2943365275859833,1.0575971538319908,0.9081638628268421,0.022913767024874687,0070.jpg
4032,3024,0.5416094064712524,0.2629316449165344,0.0502784326672554,0.08906666934490204,0.12814117968082428,0.5840902328491211,0.8781646490097046,0.9260392785072327,0.9879137277603149,0.009686315691400016,0.06650983599458302,0.014739803135760477,0.5704866051673889,0.522783100605011,0.47156596183776855,0.2702186405658722,0.2631382942199707,0.2510937750339508,1.0912489582356681,0.9020300374323367,0.028742337599396706,0071.jpg
4032,3024,0.638496994972229,0.23306798934936523,0.07819608598947525,0.16110588610172272,0.2581176459789276,0.6977176666259766,0.8675293922424316,0.917647123336792,0.9890705943107605,0.004601826262912573,0.016678739396993367,0.014984702407197447,0.6902918815612793,0.6639392971992493,0.6238413453102112,0.24574989080429077,0.2307889610528946,0.22479365766048431,1.0396911958397392,0.9396060879898593,0.006980260834097862,0072.jpg
4032,3024,0.6376099586486816,0.19907602667808533,0.09076862782239914,0.19187843799591064,0.32483530044555664,0.6984941363334656,0.835639238357544,0.8730666637420654,0.9441412091255188,0.0010666978982951205,0.015639188738767112,0.005244912393969934,0.655017614364624,0.6622613668441772,0.575914740562439,0.21406204998493195,0.19712501764297485,0.19041956961154938,0.9890621106645826,0.8696187030931585,0.00732286786660552,0073.jpg
4032,3024,0.586453914642334,0.1995827704668045,0.09742353856563568,0.19947059452533722,0.2801019549369812,0.6402706503868103,0.8035686612129211,0.8891764879226685,0.9836706519126892,0.0014826821932476695,0.010937959288653733,0.012586723539724532,0.6126284599304199,0.5894269943237305,0.5171642899513245,0.2036421298980713,0.19822005927562714,0.19867892563343048,1.0393626801409548,0.8774019811269478,0.01219750102609396,0074.jpg
4032,3024,0.6493306756019592,0.18661285936832428,0.07058823853731155,0.22349804639816284,0.3380313813686371,0.690984308719635,0.8232627511024475,0.8747999668121338,0.9798195958137512,0.0025816123131351307,0.02203101051377341,0.009579449063576048,0.7084072828292847,0.6216850876808167,0.5702201724052429,0.2088063657283783,0.18256403505802155,0.16741852462291718,1.1394951517605658,0.9172171996520587,0.0024150183890014887,0075.jpg
4032,3024,0.5492954254150391,0.24215738475322723,0.05470980331301689,0.1179254949092865,0.18000392615795135,0.5807254910469055,0.8427843451499939,0.9613255262374878,0.9953098297119141,0.007697841868228773,0.04000207336020828,0.035698866738053246,0.5761102437973022,0.517516553401947,0.48517292737960815,0.24887019395828247,0.24066588282585144,0.22468885779380798,1.1132206821008959,0.9375023594664079,0.014481344260275364,0076.jpg
4032,3024,0.6645740866661072,0.1788628250360489,0.05125882476568222,0.21158039569854736,0.3713882565498352,0.7071333527565002,0.814592182636261,0.8443882465362549,0.9066823124885559,0.009470942119131603,0.022241217088687325,0.0029013100224657765,0.739523708820343,0.6271524429321289,0.5633454322814941,0.17592009902000427,0.1839413046836853,0.17603304982185364,1.1791766706451374,0.8982593313172005,0.004996852483600378,0077.jpg
4032,3024,0.5431800484657288,0.19306981563568115,0.06681961566209793,0.14920391142368317,0.25421568751335144,0.5812236070632935,0.752047061920166,0.824101984500885,0.9434314370155334,0.006217784181573864,0.027051281546569245,0.005408041881876207,0.6165295839309692,0.5250175595283508,0.4237324595451355,0.1956120729446411,0.19355806708335876,0.20160269737243652,1.1743024560595114,0.8070828199402996,0.0024062672164291143,0078.jpg
4032,3024,0.504921019077301,0.30948200821876526,0.04313725605607033,0.06306666880846024,0.0865529403090477,0.5571529865264893,0.9110549092292786,0.9607529640197754,0.9836392402648926,0.017055684156378603,0.12618348844167296,0.014341370228647014,0.5482515692710876,0.4762323498725891,0.4103158414363861,0.32029810547828674,0.3074116110801697,0.2878985106945038,1.1512267450773166,0.8615877941898898,0.007059142924845219,0079.jpg
4032,3024,0.5879843235015869,0.2175394594669342,0.03529411926865578,0.09865490347146988,0.20419999957084656,0.6351098418235779,0.8087725639343262,0.882094144821167,0.9732156991958618,0.016090931936046025,0.0510970109494415,0.008068881487780297,0.6045582294464111,0.5631921291351318,0.5331448912620544,0.22274565696716309,0.2154812514781952,0.20609088242053986,1.0734492275763434,0.946648429608473,0.007210207171738148,0080.jpg
4032,3024,0.5360527038574219,0.20760583877563477,0.0280509814620018,0.10995686799287796,0.1952313780784607,0.571066677570343,0.7657607793807983,0.8460901975631714,0.9904117584228516,0.01758772085222978,0.044945987654320986,0.014767852549970605,0.533340334892273,0.5109583735466003,0.47546064853668213,0.20965689420700073,0.20665456354618073,0.19668522477149963,1.0438037983143709,0.9305273044243687,0.009458999149501324,0081.jpg
4032,3024,0.6630818247795105,0.24405018985271454,0.08578823506832123,0.14141178131103516,0.17973333597183228,0.7217294573783875,0.9265451431274414,0.9601098299026489,0.9910941123962402,0.0014283877131099354,0.015618848812673218,0.019538303361468043,0.7051215767860413,0.6807720065116882,0.6231406927108765,0.24866026639938354,0.2426059991121292,0.2259514331817627,1.0357675319694613,0.9153443023598758,0.004503561183810234,0082.jpg
4032,3024,0.6585891842842102,0.230604350566864,0.12525491416454315,0.19181843250989897,0.25406157076358776,0.7435490489006042,0.8740901947021484,0.8895411491394043,0.988690197467804,0.0008129409171075837,0.004638733386873268,0.012158846949273536,0.6966579556465149,0.6433069705963135,0.6504025459289551,0.246172696352005,0.23098336160182953,0.18720310926437378,1.0829322618228214,1.0110298265480286,0.005972793325781822,0083.jpg
4032,3024,0.5617368221282959,0.26321884989738464,0.09117646515369415,0.1439686417579651,0.18879608809947968,0.6239294409751892,0.8946274518966675,0.9493764638900757,0.9931607842445374,0.0007091908908625178,0.014463409785210381,0.022635795251742672,0.6066722273826599,0.5722990036010742,0.5013112425804138,0.2820201814174652,0.25553634762763977,0.2429627627134323,1.0600615473795205,0.8759605791123795,0.033313047140836716,0084.jpg
4032,3024,0.6258350014686584,0.21303611993789673,0.0907372534275055,0.23521961271762848,0.30572158098220825,0.6769882440567017,0.8752862215042114,0.940701961517334,0.962399959564209,0.002624178529436466,0.012392017956874108,0.0027019295372469974,0.6549870371818542,0.6056095957756042,0.530215859413147,0.20372650027275085,0.21445876359939575,0.22014905512332916,1.0815333181927116,0.8755078975031791,0.00698863947764039,0085.jpg
4032,3024,0.525113582611084,0.21512313187122345,0.03650980442762375,0.1335725635290146,0.20047451555728912,0.5614941716194153,0.8149451613426208,0.8903372287750244,0.9796627759933472,0.013699596350886033,0.029727540128705803,0.009687545928865374,0.550510585308075,0.5196877717971802,0.5039148330688477,0.20841237902641296,0.21620407700538635,0.21516062319278717,1.0593101394211457,0.9696492601258504,0.006568289827555418,0086.jpg
4032,3024,0.45422041416168213,0.25546520948410034,0.02240000106394291,0.03642353415489197,0.05377255007624626,0.4974941313266754,0.7700823545455933,0.8467725515365601,0.9254823923110962,0.09131453989774922,0.16833306432140757,0.0006916395030234316,0.47898590564727783,0.4279038906097412,0.38160884380340576,0.2609838545322418,0.2562650442123413,0.2479483038187027,1.1193770301731012,0.8918099609930433,0.004055102821439505,0087.jpg
4032,3024,0.4499199390411377,0.2540759742259979,0.051282357424497604,0.11764706671237946,0.17415295541286469,0.3732157051563263,0.847639262676239,0.9095646739006042,0.962399959564209,0.008799888589695137,0.03632456551293357,0.004457068321155623,0.4850909113883972,0.47298580408096313,0.41788893938064575,0.2648651599884033,0.2528645694255829,0.23149527609348297,1.025592907038823,0.8835128924846575,0.006837958004325628,0088.jpg
4032,3024,0.5979283452033997,0.24595390260219574,0.05825098231434822,0.12969020009040833,0.21110980212688446,0.6786783933639526,0.8509490489959717,0.8861137628555298,0.9449804425239563,0.00784276384164777,0.03492841002141597,0.0003581631340807928,0.6262421011924744,0.5757198929786682,0.5260443687438965,0.2426961213350296,0.24801160395145416,0.23653003573417664,1.0877546895204968,0.9137159605624868,0.004695975687354803,0089.jpg
4032,3024,0.5430921912193298,0.2290143370628357,0.07512549310922623,0.14178824424743652,0.18816863000392914,0.5494078993797302,0.832219660282135,0.8781176209449768,0.9370627403259277,0.004729278864323507,0.018575027426093894,0.0011197621409674981,0.5070565938949585,0.5304782390594482,0.561322033405304,0.2116853892803192,0.22729696333408356,0.26709869503974915,0.9558481398706256,1.0581432638165869,0.021202147006988525,0090.jpg
4032,3024,0.5281056761741638,0.23366941511631012,0.07557255029678345,0.12870196998119354,0.18407844007015228,0.5281294584274292,0.8900039196014404,0.914325475692749,0.9417764544487,0.0021215035010917946,0.026146728946208113,0.0011365753863273704,0.5215869545936584,0.5219264030456543,0.5215368866920471,0.2364608645439148,0.22960929572582245,0.22101253271102905,0.9993496251585661,0.9992536962969674,0.009190692566335201,0091.jpg
4032,3024,0.5147465467453003,0.23561891913414001,0.0677294135093689,0.12045098096132278,0.1770431399345398,0.5372549295425415,0.800231397151947,0.8394432067871094,0.9467686414718628,0.004427952701142185,0.03049701265537079,0.002751877178340472,0.5051203370094299,0.514009952545166,0.5669408440589905,0.23645851016044617,0.2370608001947403,0.2711781859397888,0.9827053966618445,1.102976193895739,0.03871239349246025,0092.jpg
4032,3024,0.5565995573997498,0.2807348370552063,0.051596082746982574,0.10919216275215149,0.15720392763614655,0.5962314009666443,0.9595019817352295,0.984035313129425,0.9954628348350525,0.009311995438607543,0.0411484906462585,0.059260866769547324,0.5603685975074768,0.5572440028190613,0.5517576932907104,0.28714972734451294,0.2787850499153137,0.28421786427497864,1.0056072188581475,0.9901545828125942,0.1314588040113449,0093.jpg
4032,3024,0.5675619840621948,0.23385034501552582,0.06161568686366081,0.15972156822681427,0.21063530445098877,0.5838941335678101,0.8310588598251343,0.8862353563308716,0.9769333600997925,0.006958469151549508,0.022234245743050305,0.008723777898505081,0.5786634087562561,0.5701903104782104,0.5532780289649963,0.23499783873558044,0.23249275982379913,0.24323764443397522,1.0148600971679829,0.9703392857758039,0.020789487287402153,0094.jpg
4032,3024,0.4227988123893738,0.26536357402801514,0.003576470771804452,0.028066668659448624,0.07157647609710693,0.3969411849975586,0.8310431838035583,0.8873451352119446,0.9771804213523865,0.07355073105631141,0.13120179109452423,0.008528990299823633,0.45037469267845154,0.4217432737350464,0.37926575541496277,0.27907511591911316,0.2684316039085388,0.2450077384710312,1.0678881035890302,0.8992813395096162,0.04056427255272865,0095.jpg
4032,3024,0.5500550270080566,0.2896983325481415,0.07925882935523987,0.11886275559663773,0.1596549153327942,0.5496941208839417,0.8947764039039612,0.9147882461547852,0.9459255337715149,0.0009741840409003107,0.025097418404090032,0.003377493937389771,0.5837706327438354,0.5342509746551514,0.5510080456733704,0.28947675228118896,0.2920893132686615,0.3055175840854645,1.0926897053036593,1.0313654826059095,0.025328997522592545,0096.jpg
4032,3024,0.5216178297996521,0.22438783943653107,0.10250981152057648,0.16489019989967346,0.223015695810318,0.5002902150154114,0.8554117679595947,0.9369098544120789,0.9531686305999756,0.0007922729276895943,0.00904396770282187,0.0006288153764592257,0.513420581817627,0.5145652890205383,0.5291274785995483,0.22938230633735657,0.21985872089862823,0.21269182860851288,0.9977753940991931,1.0282999292602877,0.008629289455711842,0097.jpg
4032,3024,0.512769341468811,0.27288979291915894,0.04073725640773773,0.08749020099639893,0.1259647160768509,0.5149412155151367,0.8582863211631775,0.9023255705833435,0.9719451069831848,0.013700252477534224,0.06653550694969346,0.006662884096539851,0.5629186034202576,0.487532377243042,0.4751664400100708,0.2608124613761902,0.2858286499977112,0.33229300379753113,1.1546278259009015,0.9746357115016423,0.10012580454349518,0098.jpg
4032,3024,0.5077188611030579,0.2824891209602356,0.06756078451871872,0.10536862909793854,0.15287451446056366,0.44657257199287415,0.8787842988967896,0.935584306716919,0.9581765532493591,0.0028695698958595786,0.04315328561980348,0.001193248325564794,0.5537810325622559,0.49033212661743164,0.4512645900249481,0.27622097730636597,0.28989332914352417,0.31524986028671265,1.129399590809879,0.9203245008918909,0.005198611877858639,0099.jpg
4032,3024,0.43783998489379883,0.2308218628168106,0.06283137947320938,0.12099608033895493,0.16553333401679993,0.38495689630508423,0.7577961087226868,0.8076078295707703,0.9367255568504333,0.006629093574158058,0.026645057135508524,0.0015208195546737213,0.5140476822853088,0.42430001497268677,0.41767603158950806,0.2222287803888321,0.2379322052001953,0.279021292924881,1.211518860774819,0.98438848093822,0.0177578404545784,0100.jpg
4032,3024,0.5553380846977234,0.28045183420181274,0.08985098451375961,0.1159764751791954,0.16101177036762238,0.5394215881824493,0.9011843204498291,0.9459921717643738,0.9693686366081238,6.97134563702024e-05,0.027675011941505,0.002627295131015369,0.5735917687416077,0.5583280324935913,0.5617126226425171,0.2940010726451874,0.27841129899024963,0.2725132405757904,1.0273382456574862,1.0060619992010977,0.0041238004341721535,0101.jpg
4032,3024,0.582772970199585,0.2515842318534851,0.07595294713973999,0.1256745159626007,0.19298431277275085,0.6465647220611572,0.8932470679283142,0.9559686779975891,0.9774510264396667,0.0009818115131855212,0.024648873824221047,0.008372914173385404,0.5785778760910034,0.5739754438400269,0.5889525413513184,0.25584182143211365,0.24841324985027313,0.2379252016544342,1.008018503721486,1.0260935752190308,0.0043287272565066814,0102.jpg
4032,3024,0.5360984802246094,0.24975501000881195,0.08958039432764053,0.1400470733642578,0.19623136520385742,0.5142313838005066,0.8853176832199097,0.9334313869476318,0.9623333215713501,0.0017384075543797767,0.01687082047325103,0.0022359976012009744,0.5243110656738281,0.5375160574913025,0.5680176019668579,0.2299729436635971,0.25114721059799194,0.29042044281959534,0.9754333529821274,1.0567452586861374,0.007726132869720459,0103.jpg
4032,3024,0.6202218532562256,0.2777266502380371,0.07348235696554184,0.1410352885723114,0.2226274609565735,0.7169451117515564,0.9316627979278564,0.9452823996543884,0.9654470682144165,0.0032470067502309565,0.024872777042915933,0.0024421033845637022,0.6978705525398254,0.628826379776001,0.5522192120552063,0.2765553593635559,0.2871856987476349,0.26921531558036804,1.1097982927976502,0.8781745671632755,0.016690915450453758,0104.jpg
4032,3024,0.5633772611618042,0.24442969262599945,0.0789451003074646,0.1526627540588379,0.23465098440647125,0.5613569021224976,0.8746823668479919,0.9210549592971802,0.9567098021507263,0.0016756654436465945,0.02237523095658016,0.00169559529058537,0.5489698052406311,0.5843008756637573,0.6322264075279236,0.22675085067749023,0.24616801738739014,0.28920140862464905,0.939532847840013,1.082021868934998,0.03084063157439232,0105.jpg
4032,3024,0.572548508644104,0.2410571426153183,0.06577254831790924,0.11485490202903748,0.16756470501422882,0.6283333897590637,0.8398352861404419,0.8771490454673767,0.9417489767074585,0.004938993344251281,0.03159356431615856,0.0033020393728479046,0.5620502829551697,0.5553672313690186,0.5644354820251465,0.2303762435913086,0.23887644708156586,0.26938727498054504,1.0120335503701336,1.0163283568341208,0.008336826227605343,0106.jpg
4032,3024,0.5619643330574036,0.19060611724853516,0.07492941617965698,0.18465882539749146,0.2810392379760742,0.588533341884613,0.7805843353271484,0.8269726037979126,0.9238196611404419,0.0036188665280927185,0.01855230904090031,0.002130279195011338,0.5230687856674194,0.5560293793678284,0.6392350196838379,0.1931106448173523,0.19099226593971252,0.24182821810245514,0.9407215955756175,1.149642255897257,0.03456106781959534,0107.jpg
4032,3024,0.5479713678359985,0.26497018337249756,0.09383922070264816,0.1174941286444664,0.15200786292552948,0.5731098651885986,0.9179608225822449,0.9581765532493591,0.9775333404541016,0.000890117814100949,0.019517471340388007,0.008401127619257579,0.5583868026733398,0.542570948600769,0.5423352122306824,0.2759341597557068,0.26182737946510315,0.24920761585235596,1.029149782094998,0.9995655205347519,0.038873642683029175,0108.jpg
4032,3024,0.5334427952766418,0.2658061981201172,0.07120392471551895,0.10694510489702225,0.13799609243869781,0.5915020108222961,0.848341166973114,0.8904744982719421,0.9685098528862,0.002454733822541362,0.038121286323171244,0.006190308878180902,0.5382814407348633,0.5230128765106201,0.5235432982444763,0.2709130644798279,0.2651735842227936,0.2554866075515747,1.029193420882272,1.0010141637873837,0.016479983925819397,0109.jpg
4032,3024,0.5203187465667725,0.2864667773246765,0.08620784431695938,0.11423137784004211,0.14172551035881042,0.5332667231559753,0.929254949092865,0.9613333940505981,0.9918784499168396,0.0007081246850592089,0.025695887923070464,0.02346144862265894,0.5414236783981323,0.5184562802314758,0.518310546875,0.29639676213264465,0.2849353551864624,0.26552814245224,1.0442994997705544,0.9997189096150588,0.023384127765893936,0110.jpg
4032,3024,0.5055937170982361,0.2409684807062149,0.07540392875671387,0.12122353911399841,0.15988236665725708,0.5053725838661194,0.8198000192642212,0.8974196314811707,0.9513921737670898,0.002161199163307298,0.026730271583942217,0.0020417020975056687,0.4967453181743622,0.5051332712173462,0.5200885534286499,0.23926715552806854,0.23831871151924133,0.24765034019947052,0.9833946070957142,1.0296065483247896,0.015807023271918297,0111.jpg
4032,3024,0.5755295157432556,0.22859017550945282,0.07003922015428543,0.1417921632528305,0.2120431512594223,0.6085843443870544,0.8420314192771912,0.8712901473045349,0.9492627382278442,0.00417509789409591,0.024638867892836147,0.00272440187494751,0.5543051362037659,0.5487505793571472,0.5496100783348083,0.22827784717082977,0.22582562267780304,0.24206803739070892,1.010122170132295,1.0015662806450016,0.013348287902772427,0112.jpg
4032,3024,0.6007346510887146,0.25721222162246704,0.08356863260269165,0.14156471192836761,0.196356862783432,0.6592353582382202,0.9338549375534058,0.9719333648681641,0.9942235350608826,0.0028931084393633995,0.017791776239816915,0.03729948769631309,0.5913580060005188,0.5719959139823914,0.5622595548629761,0.2568933367729187,0.25510719418525696,0.26428237557411194,1.033849993845812,0.9829783013135015,0.0460854172706604,0113.jpg
4032,3024,0.46327146887779236,0.24815359711647034,0.024035293608903885,0.06756078451871872,0.11723136901855469,0.5174196362495422,0.7797921895980835,0.8781176209449768,0.9218902587890625,0.029102825543797766,0.08428840768560511,0.0017205281032165952,0.44916293025016785,0.4436914920806885,0.4301694929599762,0.24415041506290436,0.2501465380191803,0.2533520460128784,1.0123315996261761,0.9695239397509273,0.007228865288197994,0114.jpg
4032,3024,0.5722054839134216,0.23369546234607697,0.07095687091350555,0.12932941317558289,0.21115295588970184,0.5500353574752808,0.8697568774223328,0.9199137687683105,0.9686000347137451,0.005192504277945746,0.022628413826950532,0.005517451000461913,0.687597393989563,0.527375340461731,0.469817191362381,0.21367965638637543,0.254143625497818,0.3161754310131073,1.3038097108936546,0.8908594400557361,0.042005714029073715,0115.jpg
4032,3024,0.6107217669487,0.25247278809547424,0.09109020233154297,0.13653725385665894,0.19281569123268127,0.6869843602180481,0.8929568529129028,0.9413294196128845,0.9780744910240173,0.001079246320441757,0.01629137862706811,0.00952900932749643,0.6486495733261108,0.6137773394584656,0.6101051568984985,0.2510010004043579,0.25551313161849976,0.2481602430343628,1.056815680231422,0.9940170867495797,0.014088011346757412,0116.jpg
4032,3024,0.6143250465393066,0.2120658904314041,0.07030980288982391,0.19541960954666138,0.34056079387664795,0.6043098568916321,0.9068078398704529,0.9484784603118896,0.9837138056755066,0.003556288449021584,0.023000765699798437,0.013973037131519274,0.5957067608833313,0.5844724774360657,0.5779819488525391,0.19845683872699738,0.2181466966867447,0.2568334639072418,1.0192212031528745,0.988895084492116,0.00281900423578918,0117.jpg
4032,3024,0.48777520656585693,0.2851965129375458,0.05023921653628349,0.08953725546598434,0.12442746013402939,0.4788196384906769,0.8818784356117249,0.905949056148529,0.9366392493247986,0.009909070688460569,0.06533258075606786,0.004285983297640044,0.4598415195941925,0.4780680239200592,0.49097567796707153,0.26775747537612915,0.2879529893398285,0.3175742030143738,0.9618747431565144,1.026999561572035,0.013762857764959335,0118.jpg
4032,3024,0.5392756462097168,0.2342853546142578,0.06718039512634277,0.1145215705037117,0.17326274514198303,0.5887804627418518,0.8036549091339111,0.8555372953414917,0.9331490993499756,0.003412596713067943,0.03485402166267742,0.0013183224678760394,0.5667904615402222,0.5361435413360596,0.49538418650627136,0.23644983768463135,0.23291222751140594,0.2884173095226288,1.0571616753344,0.9239769284450479,0.03232720494270325,0119.jpg
4032,3024,0.49157097935676575,0.2553356885910034,0.051776476204395294,0.12095294892787933,0.16836078464984894,0.46590590476989746,0.8717803955078125,0.8943411707878113,0.9499059319496155,0.009310929232804233,0.03372622197026959,0.002635496714117746,0.5121505856513977,0.4933128356933594,0.42931440472602844,0.24205853044986725,0.2566888630390167,0.29877880215644836,1.0381861374951336,0.8702683234550268,0.00529091339558363,0120.jpg
4032,3024,0.5150502324104309,0.27952465415000916,0.05372157320380211,0.09689019620418549,0.1284929528832434,0.5169607996940613,0.871066689491272,0.9186549782752991,0.9873412251472473,0.008409247186528933,0.055894773032669855,0.014296015474090871,0.5494325160980225,0.5113731622695923,0.4604203402996063,0.2751832902431488,0.27919912338256836,0.30649930238723755,1.0744256488429418,0.9003609768944014,0.053160447627305984,0121.jpg
4032,3024,0.5191331505775452,0.24217072129249573,0.05767451226711273,0.10994510352611542,0.16191372275352478,0.5492196083068848,0.7965607643127441,0.832219660282135,0.9593542295694363,0.007172612486352566,0.039990673159695976,0.005211449934912236,0.5229294300079346,0.5102355480194092,0.5025435090065002,0.22697824239730835,0.24406757950782776,0.30688580870628357,1.0248784255808396,0.9849245628468458,0.030070031061768532,0122.jpg
4032,3024,0.5591410994529724,0.26470333337783813,0.0657359666377306,0.1206745132803917,0.17245490849018097,0.5992470979690552,0.8855097889900208,0.9255215525627136,0.965125560760498,0.004587145429159318,0.03211502096980767,0.0018905469209288654,0.5685191750526428,0.5468226671218872,0.54529869556427,0.24111469089984894,0.26863232254981995,0.33277615904808044,1.0396773388484655,0.9972130475521691,0.03814435750246048,0123.jpg
4032,3024,0.528679609298706,0.2753610908985138,0.059439219534397125,0.10649941936135283,0.15683138370513916,0.5530275106430054,0.8977804183959961,0.9253294467926025,0.9745490550994873,0.006535267463466868,0.041834717104434364,0.0078015098786428155,0.5231612920761108,0.5000442266464233,0.4764353334903717,0.2834218442440033,0.27604150772094727,0.28939661383628845,1.046229949208241,0.952786484305858,0.012737905606627464,0124.jpg
4032,3024,0.5480539202690125,0.22005370259284973,0.07180392742156982,0.17643922567367554,0.29005491733551025,0.4979333281517029,0.799615740776062,0.9006470441818237,0.9879215955734253,0.0034279336734693877,0.021565898736037623,0.01782605885718485,0.6021552681922913,0.568098783493042,0.5060487389564514,0.22378011047840118,0.21821914613246918,0.20977650582790375,1.0599480684358795,0.8907761517614615,0.005264166742563248,0125.jpg
4032,3024,0.5336959362030029,0.23306342959403992,0.019607843831181526,0.07815294712781906,0.1526196151971817,0.6073294281959534,0.7803255319595337,0.8262549042701721,0.8871020078659058,0.029331403664861005,0.0650266617063492,0.0035758902326362644,0.5067513585090637,0.4986283779144287,0.48716652393341064,0.23629434406757355,0.23444291949272156,0.2565707862377167,1.0162906177502222,0.9770132798252712,0.003227121662348509,0126.jpg
4032,3024,0.57276451587677,0.24232883751392365,0.08689019829034805,0.13787059485912323,0.20089411735534668,0.6628156900405884,0.8302549123764038,0.9055294394493103,0.9569294452667236,0.0015774104780801209,0.020172039687788697,0.00480096070063828,0.5737242102622986,0.5710741281509399,0.5676774382591248,0.2517896592617035,0.23984579741954803,0.24400882422924042,1.004640513972197,0.9940521137686154,0.005752399563789368,0127.jpg
4032,3024,0.40009015798568726,0.2603690028190613,0.028345098719000816,0.059439219534397125,0.08196470886468887,0.380047082901001,0.756474494934082,0.7997647523880005,0.9478392004966736,0.03335641258818342,0.13931668346350887,0.00408758700239355,0.37672945857048035,0.4088091254234314,0.41805019974708557,0.2576674222946167,0.26048746705055237,0.2706791162490845,0.9215291773418673,1.0226048078287753,0.004002932459115982,0128.jpg
4032,3024,0.3453821837902069,0.28378233313560486,0.004815686494112015,0.01658039353787899,0.04010980576276779,0.2934510111808777,0.8537725806236267,0.8947333693504333,0.9931607842445374,0.12154762560888553,0.2660102283583186,0.013801131949693457,0.3312380611896515,0.3470359146595001,0.35328102111816406,0.2805500328540802,0.2829214930534363,0.27800312638282776,0.9544778875026915,1.0179955105490475,0.01069661695510149,0129.jpg
4032,3024,0.403757780790329,0.2697639465332031,0.050701964646577835,0.07512549310922623,0.09443921595811844,0.3517255187034607,0.8190352916717529,0.8654510378837585,0.9979333877563477,0.00881235499601075,0.1284390878264886,0.014147074724951709,0.3929671347141266,0.4101361632347107,0.4067781865596771,0.2683239281177521,0.26847124099731445,0.25854262709617615,0.9581383252734922,0.9918125520531972,0.014664302580058575,0130.jpg
4032,3024,0.5597813725471497,0.2515987455844879,0.02442353032529354,0.071482352912426,0.11423137784004211,0.6819646954536438,0.7988784909248352,0.8226353526115417,0.8827515590190911,0.028289064468379945,0.08265957328147308,0.0029143505395985555,0.5451409220695496,0.5549349188804626,0.5928994417190552,0.24457940459251404,0.25119322538375854,0.2707505524158478,0.9823511211336406,1.0684124446570027,0.005698787979781628,0131.jpg
4032,3024,0.4800403118133545,0.2629120647907257,0.03455294296145439,0.07512549310922623,0.10309020429849625,0.5810588598251343,0.7840352654457092,0.8192117810249329,0.9328588843345642,0.019155781525573193,0.09325503445977157,0.0041851038254808095,0.4623546898365021,0.44775572419166565,0.44610780477523804,0.2718762755393982,0.2680358290672302,0.25769564509391785,1.0326046820875598,0.9963196098966406,0.0284920334815979,0132.jpg
4032,3024,0.3619389832019806,0.25859636068344116,0.0,0.0,0.03024313785135746,0.33274510502815247,0.7489019632339478,0.8278510570526123,0.9766666889190674,0.12928180049025784,0.20124872383366926,0.009164941053581926,0.3975580930709839,0.3595793545246124,0.3161783516407013,0.2759855389595032,0.25270652770996094,0.23572632670402527,1.1056196148329118,0.8793009619747164,0.011713705025613308,0133.jpg
4032,3024,0.5408396124839783,0.27609097957611084,0.07512549310922623,0.1104196086525917,0.14223922789096832,0.5752549171447754,0.8481764793395996,0.8696941137313843,0.9537804126739502,0.004650297619047619,0.03182706338708323,0.006040629986562527,0.5856521129608154,0.5633441209793091,0.5557841062545776,0.2832850217819214,0.2759219706058502,0.2665114104747772,1.0395991571609364,0.9865801363263975,0.027789629995822906,0134.jpg
4032,3024,0.32871824502944946,0.24964237213134766,0.0,0.007843137718737125,0.020501961931586266,0.29353728890419006,0.7045999765396118,0.7944744825363159,0.9095255136489868,0.1614109281830016,0.24493494832346518,0.001374175248803225,0.3228969871997833,0.32475483417510986,0.34201398491859436,0.2478913962841034,0.24850773811340332,0.25029653310775757,0.9942792498861629,1.0531450059621663,0.003908058628439903,0135.jpg
4032,3024,0.2807990610599518,0.20767654478549957,0.004690196365118027,0.026937255635857582,0.05063529685139656,0.23953726887702942,0.6145255148410798,0.6939921975135803,0.8668588399887085,0.0977777154457462,0.22033594012450658,0.004586161239187033,0.2898428738117218,0.279845267534256,0.27848589420318604,0.2151956707239151,0.2062266618013382,0.19222725927829742,1.0357253515137272,0.9951424282230116,0.008383485488593578,0136.jpg
4032,3024,0.37546131014823914,0.24363170564174652,0.0049843136221170425,0.03478039428591728,0.07452941685914993,0.33650198578834534,0.7135412096977234,0.8201568722724915,0.9833254814147949,0.06808224350697069,0.13575621220710507,0.011586048385403544,0.3793225586414337,0.3793312907218933,0.4041179120540619,0.24861718714237213,0.24391770362854004,0.22486309707164764,0.9999769803924602,1.0653427665886237,0.048355069011449814,0137.jpg
4032,3024,0.32878029346466064,0.2546045780181885,0.007843137718737125,0.02442353032529354,0.05046667158603668,0.24313727021217346,0.6981882452964783,0.8038809835910812,0.985360860824585,0.09945707160178886,0.19170872438481565,0.012676694906357604,0.3569643497467041,0.3270200490951538,0.3040193021297455,0.27291297912597656,0.2519083023071289,0.23172102868556976,1.091566890676928,0.92966585169655,0.052986029535532,0138.jpg
4032,3024,0.36274129152297974,0.276426762342453,0.027258824557065964,0.06402745097875595,0.08588627725839615,0.28740394115448,0.8583529591560364,0.9972078800201416,0.9988275170326233,0.025360279142521206,0.14173623249454104,0.07931816630973378,0.36145931482315063,0.35321998596191406,0.37642011046409607,0.28214311599731445,0.27436599135398865,0.26541534066200256,1.0233262721884961,1.0656816141289056,0.03803998604416847,0139.jpg
4032,3024,0.49389851093292236,0.22974355518817902,0.07540392875671387,0.09925490617752075,0.14599217474460602,0.49427059292793274,0.7954353094100952,0.8308784365653992,0.928686261177063,0.0012839578346770808,0.050217801240866715,0.0009368668377844965,0.530504047870636,0.4697217345237732,0.45940667390823364,0.23987451195716858,0.23245851695537567,0.23112529516220093,1.1294004076862212,0.978040107796789,0.005119696259498596,0140.jpg
4032,3024,0.372221440076828,0.254435271024704,0.051874514669179916,0.07030980288982391,0.08627451211214066,0.30143530666828156,0.6925686597824097,0.8038392066955566,0.9871451258659363,0.007711538512009742,0.15924505411732595,0.014017899791089276,0.4138178825378418,0.3557116687297821,0.32476407289505005,0.27938470244407654,0.25339964032173157,0.22405658662319183,1.1633515444236264,0.9129983310820974,0.007082694210112095,0141.jpg
4032,3024,0.3175674080848694,0.2261924296617508,0.015450980514287949,0.042007844895124435,0.062745101749897,0.2812235355377197,0.6586823463439941,0.7424077987670898,0.8751333355903625,0.06750813268980432,0.22009793018287563,0.000506283724909717,0.33650583028793335,0.31075412034988403,0.29474514722824097,0.24502752721309662,0.21840986609458923,0.20640118420124054,1.0828681757811587,0.9484836384880213,0.0018268562853336334,0142.jpg
4032,3024,0.5157597661018372,0.2804092764854431,0.07714901864528656,0.09675686806440353,0.12105491012334824,0.5610432028770447,0.8401333093643188,0.8613568544387817,0.9189921617507935,0.0001735454984462921,0.05844562940917108,0.0033303348345511043,0.5095014572143555,0.5047644376754761,0.4632410407066345,0.3147313594818115,0.2833343744277954,0.26804572343826294,1.0093845956662448,0.9177372421533785,0.0022345054894685745,0143.jpg
4032,3024,0.6058596968650818,0.22773869335651398,0.08235294371843338,0.1679176390171051,0.24248236417770386,0.6594510078430176,0.8743568658828735,0.9260979890823364,0.9849725961685181,0.004039525725413622,0.015070983061434451,0.013525230694129503,0.6608083248138428,0.5737084746360779,0.4960068464279175,0.22983203828334808,0.22943051159381866,0.21077188849449158,1.1518187410675327,0.864562759299994,0.04050888121128082,0144.jpg
4032,3024,0.4692938029766083,0.23710350692272186,0.02073725499212742,0.10919216275215149,0.15228629112243652,0.48284706473350525,0.757094144821167,0.8205451369285583,0.9721608757972717,0.021102181227429243,0.04200038908310238,0.008389071292097086,0.5112285017967224,0.43489500880241394,0.3990054726600647,0.26027801632881165,0.22953447699546814,0.21514800190925598,1.17552125439024,0.9174755909092398,0.004259566310793161,0145.jpg
4032,3024,0.529650092124939,0.2679389715194702,0.09752549231052399,0.1282823532819748,0.15573333203792572,0.5290235877037048,0.8712470531463623,0.913921594619751,0.9904783964157104,0.000564843028260687,0.01287468112244898,0.019574882422104645,0.5509529709815979,0.4948035180568695,0.48185864090919495,0.2773159444332123,0.27075812220573425,0.2548735439777374,1.1134780521916636,0.9738384014792145,0.001998061314225197,0146.jpg
4032,3024,0.48587125539779663,0.27695992588996887,0.03529411926865578,0.056031376123428345,0.09727451205253601,0.49473726749420166,0.8204941749572754,0.940576434135437,0.9954196810722351,0.03538933899176955,0.10305937093201478,0.03135022334551105,0.5314206480979919,0.4744224548339844,0.42009493708610535,0.29922181367874146,0.279808908700943,0.25730594992637634,1.1201420222445644,0.8854872852631412,0.01729349046945572,0147.jpg
4032,3024,0.5375065207481384,0.24635644257068634,0.07964706420898438,0.14491373300552368,0.1811019778251648,0.5880353450775146,0.8439266741275817,0.9086431860923767,0.9484391808509827,0.003356169821323591,0.017857060841311834,0.0012261366738053245,0.5640747547149658,0.5004236698150635,0.45057931542396545,0.2614917755126953,0.2440176159143448,0.21527895331382751,1.1271941387770215,0.9003958889366536,0.01708468236029148,0148.jpg
4032,3024,0.5237851738929749,0.17922034859657288,0.10564705729484558,0.19494903087615967,0.29441961646080017,0.5239412188529968,0.7614117860794067,0.7966196537017822,0.9256431460380554,0.0010151919564121946,0.006829294217687075,0.0016971535913748216,0.5425897240638733,0.5141522288322449,0.4849282503128052,0.18376944959163666,0.17658129334449768,0.17785502970218658,1.055309377899301,0.9431609549825957,0.0017678032163530588,0149.jpg
4032,3024,0.5019773244857788,0.25268039107322693,0.03529411926865578,0.1032431423664093,0.15663529932498932,0.5381255149841309,0.8427490592002869,0.9169882535934448,0.9702981114387512,0.016799630731922397,0.047607237339380194,0.0032894089348702443,0.5102190971374512,0.48660948872566223,0.44286298751831055,0.2584816515445709,0.24892164766788483,0.23443476855754852,1.0485184946868242,0.9100995514463421,0.003203841159120202,0150.jpg
4032,3024,0.5348064303398132,0.23697443306446075,0.07866667211055756,0.13271765410900116,0.1721607893705368,0.5396823883056641,0.8284902572631836,0.8583803772926331,0.9152078032493591,0.0016032454648526077,0.01935868869152599,0.00012671445893172083,0.507728636264801,0.5286332368850708,0.5621711611747742,0.2118547111749649,0.24101006984710693,0.29415789246559143,0.9604554545247613,1.063442588371352,0.003126796567812562,0151.jpg
4032,3024,0.4970754384994507,0.2130153477191925,0.07389412075281143,0.11764706671237946,0.17557646334171295,0.5531882643699646,0.7370313405990601,0.8103765249252319,0.9212509393692017,0.002771478961955152,0.029997044149449904,0.0005904319675401025,0.5004992485046387,0.47590985894203186,0.4388814866542816,0.21494372189044952,0.21158385276794434,0.2028336226940155,1.051668057369546,0.9221947312358753,0.006692897994071245,0152.jpg
4032,3024,0.5110928416252136,0.26872003078460693,0.05882353335618973,0.09047451615333557,0.12525491416454315,0.5559922456741333,0.8584039211273193,0.9494078755378723,0.9647058844566345,0.003958904163517259,0.06760441927542622,0.0014478254650625683,0.5308443307876587,0.479576051235199,0.4415566623210907,0.28568512201309204,0.26740947365760803,0.2553844749927521,1.1069031126915125,0.920723085443339,0.002449805149808526,0153.jpg
4032,3024,0.4631783068180084,0.21850311756134033,0.020309805870056152,0.10598824173212051,0.15736079216003418,0.4426235556602478,0.7360823750495911,0.7766706347465515,0.9560013282299045,0.016527666236247584,0.04448366441484001,0.002992839689888301,0.5846767425537109,0.4371353089809418,0.3741800785064697,0.26047706604003906,0.20653870701789856,0.1818980872631073,1.3375181391742998,0.8559826095863916,0.001867312123067677,0154.jpg
4032,3024,0.45776647329330444,0.2610035836696625,0.03024313785135746,0.08207450807094574,0.11310981214046478,0.43510979413986206,0.8622274398803711,0.9064745903015137,0.98015296459198,0.0234092045382968,0.07602326231418494,0.010191861273830519,0.46848827600479126,0.4621555507183075,0.4450526833534241,0.2507118284702301,0.26389017701148987,0.26856330037117004,1.0137025544193652,0.9629933464357451,0.005037582945078611,0155.jpg
4032,3024,0.5356159806251526,0.3131372332572937,0.02240000106394291,0.048274509608745575,0.08235294371843338,0.5843137502670288,0.9012274742126465,0.9414039254188538,0.972074568271637,0.05133912168262367,0.13762379469534727,0.004690895455404384,0.5727857947349548,0.5567666292190552,0.5407392978668213,0.2979336380958557,0.3169272840023041,0.32574352622032166,1.0287717257168287,0.971213607776166,0.0023585399612784386,0156.jpg
4032,3024,0.35406041145324707,0.26238590478897095,0.003921568859368563,0.01909411884844303,0.04262353107333183,0.3018745183944702,0.7539098262786865,0.8703020006418228,1.0,0.1127253466973209,0.18543320105820105,0.0238350307329722,0.389959454536438,0.34475263953208923,0.3158733546733856,0.2690506875514984,0.25894996523857117,0.2600638270378113,1.131127883278346,0.9162321102747472,0.004615473095327616,0157.jpg
4032,3024,0.3909255564212799,0.27433231472969055,0.054007843136787415,0.0784313753247261,0.09776078909635544,0.3127019703388214,0.7720000743865967,0.8858470916748047,0.9521804451942444,0.006215979833291341,0.11076123157596372,0.003064521526203074,0.39177587628364563,0.3812495172023773,0.36853981018066406,0.2814427614212036,0.27520856261253357,0.26223284006118774,1.0276100847246343,0.9666631087743112,0.021170778200030327,0158.jpg
4032,3024,0.25128158926963806,0.16347342729568481,0.004815686494112015,0.015407843515276909,0.027172550559043884,0.22404314577579498,0.47505101561546326,0.53387451171875,0.7111254340410241,0.1175070336776686,0.16684234457671956,0.0003380692554799698,0.2784561216831207,0.24991095066070557,0.20789214968681335,0.1862688511610031,0.15909598767757416,0.14717403054237366,1.11422091239314,0.8318655796059178,0.0011847249697893858,0159.jpg
4032,3024,0.5070001482963562,0.2838860750198364,0.01536470651626587,0.08183921873569489,0.10852157324552536,0.5686941146850586,0.8897411823272705,0.9484471082687378,0.9988275170326233,0.02247356793797766,0.08373578501616696,0.03834125278197699,0.526976466178894,0.48582589626312256,0.4701053202152252,0.29322943091392517,0.28158703446388245,0.2665978968143463,1.0847021238064278,0.9676416102755597,0.0832018330693245,0160.jpg
4032,3024,0.44621849060058594,0.25112560391426086,0.04307058826088905,0.08900000154972076,0.11367058753967285,0.42307841777801514,0.7999607920646667,0.8824941515922546,0.9692941308021545,0.01223512167212564,0.07353974093495423,0.005464714821113631,0.46878373622894287,0.42355313897132874,0.5208398103713989,0.2551060914993286,0.24982605874538422,0.24733448028564453,1.1067882310569888,1.229691230585887,0.0068771797232329845,0161.jpg
4032,3024,0.43105196952819824,0.2997249662876129,0.0389803908765316,0.07508236169815063,0.09745883196592331,0.3610196113586426,0.8627215623855591,0.886521577835083,0.9211921095848083,0.01934597623771731,0.1109291999979004,0.00038908310237675315,0.40743812918663025,0.40432849526405334,0.40845808386802673,0.3019569516181946,0.30162155628204346,0.3053539991378784,1.0076908411555434,1.010213424081952,0.02621994912624359,0162.jpg
4032,3024,0.5410907864570618,0.2500622868537903,0.07052157074213028,0.0982000008225441,0.16154901683330536,0.5683059096336365,0.8595882654190063,0.9147255420684814,0.9861882328987122,0.0012274489271017048,0.0530718701446628,0.015255026586251785,0.5222842693328857,0.5217214226722717,0.5175153613090515,0.2396838366985321,0.25138843059539795,0.25538504123687744,1.001078823980252,0.9919381242200083,0.000714414578396827,0163.jpg
4032,3024,0.633456289768219,0.25171738862991333,0.07540392875671387,0.1672392189502716,0.23605883121490479,0.6953137516975403,0.8826666474342346,0.9164862632751465,0.9577255845069885,0.00480292908058285,0.02042136781410095,0.005129352088057445,0.7056954503059387,0.6336590051651001,0.5616134405136108,0.24575403332710266,0.2559768557548523,0.2659605145454407,1.1136831180027995,0.8863024901931158,0.007941006682813168,0164.jpg
4032,3024,0.5490429401397705,0.22982792556285858,0.036188237369060516,0.07949411869049072,0.14878706783056242,0.6171294450759888,0.7844431400299072,0.8124156594276428,0.8790470957756042,0.022007800033593684,0.06290417401528513,0.001279939058956916,0.5836286544799805,0.5321471691131592,0.4671917259693146,0.26775866746902466,0.2271435707807541,0.24523523449897766,1.0967427651825181,0.877937298455626,0.0017125413287431002,0165.jpg
4032,3024,0.5022076368331909,0.234714075922966,0.03478039428591728,0.07007451355457306,0.11645098775625229,0.5810078978538513,0.7501686215400696,0.8042392730712891,0.9175607562065125,0.029012608129671623,0.08226491310258671,0.0051259894389854704,0.5453119277954102,0.4828822612762451,0.4332265555858612,0.26489582657814026,0.23002928495407104,0.2588942348957062,1.1292852155491278,0.8971683020050323,0.0018665606621652842,0166.jpg
4032,3024,0.37146154046058655,0.20688636600971222,0.054901961237192154,0.0941176488995552,0.11108627915382385,0.3575725555419922,0.6633643388748256,0.7609451413154602,0.9249503481388095,0.007203204391324431,0.06447190662530444,0.00229882172776518,0.38448402285575867,0.3687087297439575,0.33443835377693176,0.21796666085720062,0.20573250949382782,0.1776210516691208,1.0427851283522025,0.9070532367268309,0.0020393473096191883,0167.jpg
4032,3024,0.4045944809913635,0.2533097565174103,0.000894117692951113,0.007564706262201071,0.02325098030269146,0.42403531074523926,0.718101978302002,0.8202470541000366,0.9596118330955505,0.14919073339212227,0.1680836541792643,0.004443125629881583,0.4203460216522217,0.4087431728839874,0.3733680546283722,0.26385608315467834,0.25065484642982483,0.22210019826889038,1.0283865790339413,0.9134541343891999,0.014798730611801147,0168.jpg
4032,3024,0.42558589577674866,0.25984689593315125,0.018478430807590485,0.04341568797826767,0.06969412416219711,0.48875296115875244,0.7336471080780029,0.7912706136703491,0.8828471302986145,0.06155025667674477,0.1629120639382296,0.0017280735596707818,0.42504504323005676,0.4121469259262085,0.4024215340614319,0.26552966237068176,0.2582404315471649,0.2735236585140228,1.0312948737394776,0.9764031522349141,0.010794923640787601,0169.jpg
4032,3024,0.3981574475765228,0.22634418308734894,0.035015687346458435,0.059439219534397125,0.07450980693101883,0.4302588403224945,0.6908588409423828,0.7842549681663513,0.8675294119119644,0.02646601657638364,0.1490852610334257,0.0012099795550936424,0.36513036489486694,0.41157296299934387,0.39931195974349976,0.2254493236541748,0.22676680982112885,0.22165587544441223,0.8871585613287424,0.9702094778627586,0.0008016456267796457,0170.jpg
4032,3024,0.48877108097076416,0.2736271023750305,0.007843137718737125,0.06338823586702347,0.08740392327308655,0.5527059435844421,0.8308314085006714,0.8934588432312012,0.9777529239654541,0.0364637463781809,0.10916676180503065,0.009078414351851851,0.5220919251441956,0.4641616940498352,0.4346264898777008,0.27266231179237366,0.2758252024650574,0.26835018396377563,1.1248058748300453,0.9363688539584284,0.004503892734646797,0171.jpg
4032,3024,0.5042595863342285,0.27583783864974976,0.03921568766236305,0.062745101749897,0.09327059239149094,0.5722039937973022,0.8202744722366333,0.881070613861084,0.9647725224494934,0.020887381765977996,0.11062114853657512,0.006039645796590241,0.5699036121368408,0.46816402673721313,0.42502957582473755,0.2883949279785156,0.2770463526248932,0.2562836706638336,1.2173156463836745,0.9078648586523156,0.00740800378844142,0172.jpg
4032,3024,0.46508631110191345,0.23203310370445251,0.071482352912426,0.16357648372650146,0.20000000298023224,0.43689805269241333,0.8322705626487732,0.8783921599388123,0.9342039227485657,0.003335337800243554,0.017255638752414548,9.111958826740573e-05,0.5057490468025208,0.48251762986183167,0.4298463761806488,0.251850962638855,0.22945132851600647,0.19480542838573456,1.04814615540822,0.8908409946860183,0.0007000680780038238,0173.jpg
4032,3024,0.4819839596748352,0.26867255568504333,0.019607843831181526,0.12189019471406937,0.16846275329589844,0.4505843222141266,0.8267804384231567,0.8668392300605774,0.9490823745727539,0.019811170031284117,0.04022802697467876,0.0032727597211724196,0.5261742472648621,0.4792608916759491,0.4580748677253723,0.2442532479763031,0.2837373614311218,0.28787678480148315,1.0978866803385094,0.9557944741308545,0.0033035995438694954,0174.jpg
4032,3024,0.32828494906425476,0.2234037220478058,0.003921568859368563,0.026937255635857582,0.05377255007624626,0.2868470847606659,0.6627137660980225,0.7059764862060547,0.8359097838401794,0.093077142122281,0.17365958246724617,0.0008670713655832703,0.34722352027893066,0.3244830369949341,0.31387951970100403,0.23189395666122437,0.21869423985481262,0.21561606228351593,1.0700819784375144,0.9673219139156124,0.004757089074701071,0175.jpg
4032,3024,0.4826125502586365,0.19013403356075287,0.12581177055835724,0.1753411889076233,0.21119216084480286,0.46181178092956543,0.7143058776855469,0.7412941455841064,0.9839059114456177,0.00027393287561938354,0.0033574000587889476,0.013415165448895608,0.5381094813346863,0.477525532245636,0.34463995695114136,0.22549450397491455,0.18996186554431915,0.1907517910003662,1.1268703307523997,0.7217210640221781,0.0003310325264465064,0176.jpg
4032,3024,0.4354429543018341,0.3185175061225891,0.04224313795566559,0.06638824194669724,0.08627451211214066,0.3408549129962921,0.9100509881973267,0.9263607859611511,0.9385058879852295,0.017790463986520535,0.13318673823696145,0.00017969668577307466,0.4170840382575989,0.40706634521484375,0.3937288820743561,0.3342652916908264,0.311390221118927,0.28887832164764404,1.024609424363106,0.9672352417916295,0.006406079046428204,0177.jpg
4032,3024,0.3591678738594055,0.22963158786296844,0.004815686494112015,0.039494119584560394,0.08107059448957443,0.3132117986679077,0.7341294288635254,0.8386706113815308,0.8868849211931235,0.06248876383114974,0.1209388220951961,0.0004862718621399177,0.39926597476005554,0.3484496772289276,0.30466243624687195,0.25834667682647705,0.22329232096672058,0.17366313934326172,1.1458349799611447,0.8743373342526524,0.004243046045303345,0178.jpg
4032,3024,0.4383331537246704,0.29713788628578186,0.006949020083993673,0.046164706349372864,0.06306666880846024,0.4390313923358917,0.8584902286529541,0.9923921823501587,1.0,0.05790891781095154,0.1904959562914672,0.060383335432938605,0.4828777313232422,0.43156898021698,0.37015798687934875,0.3122483491897583,0.2928447723388672,0.2672215700149536,1.1188886008254462,0.8577032783727087,0.0014090090990066528,0179.jpg
4032,3024,0.4266505837440491,0.20132918655872345,0.05820784717798233,0.11047059297561646,0.17332549393177032,0.3953372836112976,0.7297255396842957,0.8112509846687317,0.9065647125244141,0.006812891051482322,0.038639790406903504,1.1400200512303687e-05,0.47216445207595825,0.4409613013267517,0.3567548096179962,0.21076756715774536,0.19971546530723572,0.1909549981355667,1.0707614928879943,0.8090392501685564,0.001153950928710401,0180.jpg
4032,3024,0.550564169883728,0.18420439958572388,0.14772942662239075,0.2361961007118225,0.28919216990470886,0.5585490465164185,0.765051007270813,0.8465176820755005,1.0,0.0009502354182413706,0.0032084593096497857,0.02303521234882842,0.5257205367088318,0.5271583795547485,0.568485677242279,0.20388619601726532,0.18816491961479187,0.18641196191310883,0.9972724703350034,1.0783962105017206,0.00822766125202179,0181.jpg
4032,3024,0.42364001274108887,0.22432051599025726,0.055180393159389496,0.10627058893442154,0.1601686328649521,0.3966509699821472,0.7645843625068665,0.8315725922584534,0.9255412220954895,0.005677791950113378,0.04524501737423364,0.0018160765463592844,0.41277721524238586,0.4190722703933716,0.39674320816993713,0.21380873024463654,0.2276841104030609,0.25032615661621094,0.9849786288085691,0.9467179994503709,0.005153118632733822,0182.jpg
4032,3024,0.5334591865539551,0.22867999970912933,0.09431372582912445,0.1418313831090927,0.18524706363677979,0.5929176807403564,0.8067647218704224,0.8363451361656189,0.8666940927505493,0.0006913114396993365,0.013421890747039556,0.0008500940885613504,0.6156039237976074,0.5099905133247375,0.37556713819503784,0.27549442648887634,0.22237081825733185,0.15563711524009705,1.2070885646397422,0.7364203685403181,0.0009419399430043995,0183.jpg
4032,3024,0.36898353695869446,0.25349652767181396,0.015172549523413181,0.05400000140070915,0.08194117993116379,0.3321568965911865,0.783839225769043,0.8577607870101929,0.9884275197982788,0.04517891261442849,0.14240753207147056,0.014126078672209625,0.3729153275489807,0.36817803978919983,0.43746617436408997,0.2614677846431732,0.2561710476875305,0.22897495329380035,1.0128668045918454,1.1881914152814372,0.016651833429932594,0184.jpg
4032,3024,0.3585173189640045,0.22603105008602142,0.005878431722521782,0.045729413628578186,0.07600785046815872,0.3463137447834015,0.6669568419456482,0.7638039588928223,0.9127450585365295,0.05635791643046107,0.1453235229276896,0.004122607762240699,0.40838754177093506,0.33684682846069336,0.3412812352180481,0.2063385546207428,0.23868775367736816,0.24425123631954193,1.212382884096846,1.0131644213876005,0.04179934412240982,0185.jpg
4032,3024,0.38755548000335693,0.22215542197227478,0.012313725426793098,0.054556865245103836,0.08726274967193604,0.39270591735839844,0.7047803401947021,0.7409412264823914,0.886239230632782,0.04293348319265978,0.11777350311266482,0.0007119794291173259,0.40436622500419617,0.38580411672592163,0.3784719705581665,0.2377055585384369,0.22213082015514374,0.214999720454216,1.048112654481618,0.9809952075545854,0.003807283705100417,0186.jpg
4032,3024,0.5097233653068542,0.24977095425128937,0.05377255007624626,0.08324705809354782,0.11764706671237946,0.5644274950027466,0.7972941398620605,0.8815255165100098,0.9604784846305847,0.007673155103090619,0.07683136429726212,0.004528996204963467,0.5102809071540833,0.49131694436073303,0.48265352845191956,0.2559230625629425,0.2490565925836563,0.24205660820007324,1.0385981481259041,0.9823669865750869,0.0006157542229630053,0187.jpg
4032,3024,0.36709919571876526,0.2671646177768707,0.034164708107709885,0.05971765145659447,0.071482352912426,0.34860000014305115,0.7381176352500916,0.7686902284622192,0.8520784378051758,0.025733369157848324,0.2711596743249769,0.00018363344566221551,0.3980126976966858,0.357866495847702,0.3169221580028534,0.29691094160079956,0.26529207825660706,0.22574032843112946,1.112181749711264,0.8855879946630488,0.0018960032612085342,0188.jpg
4032,3024,0.33178162574768066,0.29391735792160034,0.0311372559517622,0.042901962995529175,0.048274509608745575,0.19275686144828796,0.7760667204856873,0.8279294371604919,0.9119842648506165,0.11016391027861762,0.33315995186654906,0.0004089309334845049,0.39253613352775574,0.3100399672985077,0.2558775544166565,0.3455314338207245,0.290191650390625,0.21676498651504517,1.2660815018997817,0.8253056254023888,0.003950740210711956,0189.jpg
4032,3024,0.507416844367981,0.29741713404655457,0.026321569457650185,0.057694122195243835,0.07875294983386993,0.5796000361442566,0.8463059663772583,0.8967803716659546,0.9577922224998474,0.03992358420991853,0.12376902439216428,0.003959478274334425,0.5603451728820801,0.47741955518722534,0.4369630813598633,0.3267801105976105,0.29118290543556213,0.2667800188064575,1.1736951138652476,0.9152603016610865,0.001691128360107541,0190.jpg
4032,3024,0.2985962927341461,0.2158149927854538,0.020501961931586266,0.05444706231355667,0.07070589065551758,0.250776469707489,0.5732078552246094,0.6631489992141724,0.9537385177612316,0.04033563174498194,0.23895870076425632,0.009079972652641304,0.30237269401550293,0.28795573115348816,0.3039298355579376,0.24125933647155762,0.21233856678009033,0.1953374147415161,1.050066420757951,1.0554739746505,0.003910385072231293,0191.jpg
4032,3024,0.32416778802871704,0.2336229383945465,0.07100392132997513,0.1053333431482315,0.1221490204334259,0.22817647457122803,0.6915333271026611,0.8511882424354553,0.9894470572471619,0.003319836808180062,0.039641531767027796,0.0276832955404384,0.2764587104320526,0.33177900314331055,0.4577462375164032,0.2775496542453766,0.2347198724746704,0.2051568478345871,0.833262124940777,1.379670966241693,0.012321708723902702,0192.jpg
4032,3024,0.33399006724357605,0.2195943295955658,0.008207842707633972,0.03118039295077324,0.062388237565755844,0.3070000112056732,0.6436902284622192,0.7015921473503113,0.9403294324874878,0.07839351983077182,0.17074236137356177,0.005219815549676661,0.4035685062408447,0.29866939783096313,0.30659914016723633,0.2583596110343933,0.21411292254924774,0.21529386937618256,1.3512203056335392,1.02655014488835,0.04905297979712486,0193.jpg
4032,3024,0.31601622700691223,0.21095727384090424,0.0036862746346741915,0.03226666897535324,0.058588240295648575,0.2827411890029907,0.6045921444892883,0.6874039173126221,0.8550745248794556,0.08241295167758461,0.19437809363714623,0.0013855754493155286,0.3361087441444397,0.3109842538833618,0.2926594614982605,0.21792393922805786,0.20767615735530853,0.21304258704185486,1.080789972988562,0.9410750440534579,0.010008858516812325,0194.jpg
4032,3024,0.43608492612838745,0.20090551674365997,0.007843137718737125,0.05914510041475296,0.1070980429649353,0.5375333428382874,0.6191451549530029,0.6348667144775391,0.6736666560173035,0.040985935269169396,0.09159216348576468,8.685476505416982e-05,0.40428268909454346,0.4068007469177246,0.46050241589546204,0.19536863267421722,0.20059126615524292,0.2406744807958603,0.9938101105950009,1.1320094355165062,0.0090422248467803,0195.jpg
4032,3024,0.42108219861984253,0.27601975202560425,0.011509804986417294,0.04712549224495888,0.08363530039787292,0.3567117601633072,0.8110314011573792,0.8819254636764526,0.9754078388214111,0.053150523326614595,0.12285963285777274,0.008378983344881163,0.4453875422477722,0.4173778295516968,0.4097965657711029,0.2666039764881134,0.2742231488227844,0.30830714106559753,1.067108609045074,0.9818360126489002,0.010619196109473705,0196.jpg
4032,3024,0.49091067910194397,0.22259308397769928,0.058403924107551575,0.1593019664287567,0.2153647243976593,0.47368237376213074,0.8134353160858154,0.9025882482528687,0.9799961447715759,0.008502253138909885,0.02066569297472075,0.009909316735953641,0.561264157295227,0.48640304803848267,0.39771226048469543,0.24312973022460938,0.2180418074131012,0.20755524933338165,1.1539072496592826,0.8176602602066126,0.013184973038733006,0197.jpg
4032,3024,0.5411624908447266,0.23703989386558533,0.06223921850323677,0.1443568617105484,0.20752158761024475,0.5419843792915344,0.9137254953384399,0.9374901652336121,0.964470624923706,0.007134065045771395,0.023744731303015035,0.004277535667044596,0.5473993420600891,0.5310600399971008,0.5018545389175415,0.22978919744491577,0.23432938754558563,0.2433382123708725,1.0307672768898233,0.9450053781393589,0.01118603814393282,0198.jpg
4032,3024,0.44953882694244385,0.23760074377059937,0.0117647061124444,0.09842745214700699,0.1562470644712448,0.43184706568717957,0.8033490777015686,0.9359725713729858,0.9791098237037659,0.02726755729297892,0.050778871540900314,0.009649408567439321,0.4751754403114319,0.44921818375587463,0.41054508090019226,0.2357710897922516,0.2333822399377823,0.24377615749835968,1.0577830544513511,0.9139103932909975,0.012969608418643475,0199.jpg
4032,3024,0.4917832911014557,0.23271295428276062,0.03595294430851936,0.13701961934566498,0.18407844007015228,0.4782470762729645,0.871101975440979,0.9456117749214172,0.9809058904647827,0.013431650630931385,0.028039326262912573,0.010680921674225246,0.507427990436554,0.49441447854042053,0.4838410019874573,0.2238524854183197,0.2313857227563858,0.22804225981235504,1.0263210042180537,0.9786141878401996,0.008936148136854172,0200.jpg
4032,3024,0.45340123772621155,0.2246098518371582,0.05117255076766014,0.11321176588535309,0.15211373567581177,0.45953336358070374,0.7418196201324463,0.8314378201961532,0.9756431579589844,0.00948176820882674,0.037754921605988076,0.008025331081506677,0.46073445677757263,0.4507390856742859,0.4331384003162384,0.22088588774204254,0.22212380170822144,0.2212480753660202,1.0221754652425337,0.9609515862523794,0.012876263819634914,0201.jpg
4032,3024,0.43679121136665344,0.2425132542848587,0.04332941398024559,0.10253334045410156,0.1443960815668106,0.39762747287750244,0.7986117601394653,0.8784667253494263,0.9645098447799683,0.012459024890820526,0.04695964033761653,0.006704794186192996,0.4594963490962982,0.43102002143859863,0.39397814869880676,0.24844014644622803,0.23853565752506256,0.24010300636291504,1.0660671434600928,0.9140601713202782,0.0176499355584383,0202.jpg
4032,3024,0.5278414487838745,0.2438836693763733,0.030545100569725037,0.11803530156612396,0.19589412212371826,0.5287922024726868,0.8750235438346863,0.9363529086112976,0.9839922189712524,0.01719150237255396,0.04124723770681112,0.01294021177143697,0.5733101963996887,0.5206182599067688,0.4639015197753906,0.247052863240242,0.24142426252365112,0.2426290065050125,1.101210117548006,0.8910590819449612,0.004966676700860262,0203.jpg
4032,3024,0.40879112482070923,0.250619500875473,0.01658039353787899,0.057607848197221756,0.08733725547790527,0.40923139452934265,0.7178000211715698,0.8473372459411621,0.9797765016555786,0.03992210792496011,0.12183640334992021,0.009782930340346016,0.4114624857902527,0.40162819623947144,0.3757168650627136,0.2561402916908264,0.24778927862644196,0.2448636144399643,1.0244859926590535,0.9354844433139562,0.015375501476228237,0204.jpg
4032,3024,0.4682704508304596,0.235443577170372,0.022105883806943893,0.0946313738822937,0.14947451651096344,0.4701686203479767,0.8427843451499939,0.918101966381073,0.9771804213523865,0.02115918222999076,0.05407008482405308,0.008336089065255733,0.4832495450973511,0.4703429937362671,0.4246666431427002,0.23059307038784027,0.23105795681476593,0.24550609290599823,1.027440663712017,0.9028873522318673,0.01273699663579464,0205.jpg
4032,3024,0.5215033888816833,0.27554288506507874,0.014556863345205784,0.0799294114112854,0.13346275687217712,0.5016705989837646,0.9089098572731018,0.9255568385124207,0.9597216248512268,0.03198420571932477,0.07196897373918704,0.0022037653796086335,0.5459344387054443,0.5138043165206909,0.4948199689388275,0.2650338411331177,0.27824801206588745,0.2876148521900177,1.0625336506876326,0.9630514769476914,0.004641077481210232,0206.jpg
4032,3024,0.5112748146057129,0.2529449164867401,0.003921568859368563,0.09483138471841812,0.1532745212316513,0.5308902263641357,0.8778823614120483,0.8974902629852295,0.9458979964256287,0.025918068809313848,0.0522184954228605,0.0010352038191819939,0.559924304485321,0.5054520964622498,0.43590402603149414,0.23882456123828888,0.25746726989746094,0.2664043605327606,1.107769065822984,0.862404502183221,0.007052955683320761,0207.jpg
4032,3024,0.5015560984611511,0.21480335295200348,0.06402745097875595,0.17196080088615417,0.2670549154281616,0.45485883951187134,0.8554823398590088,0.912898063659668,0.9421765208244324,0.007121024528638616,0.02250686636537331,0.0007585644211388259,0.5450182557106018,0.5112699866294861,0.4524414837360382,0.19952000677585602,0.22302892804145813,0.2268000692129135,1.0660085746378813,0.8849367469856441,0.00307631422765553,0208.jpg
4032,3024,0.37883034348487854,0.3229605257511139,0.003921568859368563,0.016749020665884018,0.028513725847005844,0.29354509711265564,0.831070601940155,0.9059176445007324,0.9653058648109436,0.19814458866108173,0.36046941924918113,0.003047544249181154,0.3966428339481354,0.37318727374076843,0.3546934425830841,0.3365325629711151,0.3206661641597748,0.30041131377220154,1.0628518146410466,0.9504436970317806,0.0024186638183891773,0209.jpg
4032,3024,0.4796164035797119,0.20161788165569305,0.13827060163021088,0.19738844782114,0.23460786044597626,0.48576080799102783,0.7096313834190369,0.8285685777664185,0.9370274543762207,0.003343457367514907,0.005377942071890484,0.004632500183715462,0.5772265791893005,0.46292248368263245,0.37243854999542236,0.19381769001483917,0.2071947306394577,0.2132478654384613,1.246917902279142,0.8045380351685866,0.002038258593529463,0210.jpg
4032,3024,0.20551879703998566,0.24952395260334015,0.003921568859368563,0.003921568859368563,0.007843137718737125,0.09539999812841415,0.6166549921035767,0.7796823978424072,0.8781529664993286,0.39864885479654827,0.5117404021793903,0.0004330435878054926,0.20063979923725128,0.19787530601024628,0.1907055675983429,0.2460871785879135,0.24528421461582184,0.24613001942634583,1.0139708148122688,0.96376656429228,0.0011181433219462633,0211.jpg
4032,3024,0.3333008587360382,0.19410765171051025,0.0067137256264686584,0.019607843831181526,0.03921568766236305,0.3564431369304657,0.5927059054374695,0.6124980449676514,0.6870078444480896,0.12625902502204586,0.19187152580939784,0.00029673327664399095,0.3574145436286926,0.3196002244949341,0.28543633222579956,0.19936233758926392,0.1957167237997055,0.1726035475730896,1.1183171910355367,0.8931046264821928,0.00038102376856841147,0212.jpg
4032,3024,0.49644917249679565,0.21357500553131104,0.09805882722139359,0.16206666827201843,0.20878039300441742,0.5457451343536377,0.7406274080276489,0.7972941398620605,0.9452039003372192,0.0035456263909884943,0.010503275384227765,0.003447945536239187,0.5694297552108765,0.49269041419029236,0.3981327414512634,0.19486559927463531,0.22549033164978027,0.2342280000448227,1.155755385237838,0.8080793169606404,0.002002903027459979,0213.jpg
4032,3024,0.5564526319503784,0.28284332156181335,0.019329413771629333,0.03109411895275116,0.04403137415647507,0.5758706331253052,0.9265451431274414,0.9555804133415222,0.9953098297119141,0.10219918889623751,0.10801517752162594,0.023156759810405644,0.5615214109420776,0.5574638843536377,0.5522616505622864,0.27920809388160706,0.2797222435474396,0.27840283513069153,1.0072785330562022,0.9906680511412246,0.002967358101159334,0214.jpg
4032,3024,0.5346280336380005,0.31826868653297424,0.01658039353787899,0.02073725499212742,0.024658823385834694,0.5646745562553406,0.9014195799827576,0.909988284111023,0.9334940910339355,0.12517108502351557,0.1368288152452339,0.0018492929579239103,0.5285091996192932,0.5338585376739502,0.49045705795288086,0.30917614698410034,0.3130299150943756,0.3340463936328888,0.9899798773325952,0.9187024363933413,0.0018693925812840462,0215.jpg
4032,3024,0.629106342792511,0.23537898063659668,0.13782745599746704,0.24733726680278778,0.30324316024780273,0.6679490804672241,0.8935019969940186,0.9131097793579102,0.9287960529327393,0.0010158480830603847,0.0047546217561098515,9.997729801797263e-05,0.6376148462295532,0.6350876688957214,0.6223818063735962,0.2309110313653946,0.23594814538955688,0.2361210137605667,1.0039792511779906,0.9799935613018921,0.008545967750251293,0216.jpg
4032,3024,0.529474675655365,0.26490262150764465,0.0117647061124444,0.10481961071491241,0.1697019636631012,0.5209529399871826,0.885533332824707,0.9258784651756287,0.960784375667572,0.024066069328966155,0.0476648944685899,0.004741991318132191,0.555246114730835,0.5347293615341187,0.5178225040435791,0.2627374827861786,0.2667232155799866,0.265187531709671,1.0383684089638274,0.9683824620654894,0.006108052097260952,0217.jpg
4032,3024,0.4964928925037384,0.21704202890396118,0.03549019992351532,0.1366666704416275,0.2078431397676468,0.48514512181282043,0.7772352695465088,0.8768274188041687,0.9692078828811646,0.014853641109221466,0.0329301763143529,0.006275851389938691,0.4925248324871063,0.476022869348526,0.46160322427749634,0.21403056383132935,0.21889112889766693,0.21441441774368286,1.0346662514238298,0.9697081470079136,0.0032607533503323793,0218.jpg
4032,3024,0.5231759548187256,0.18854482471942902,0.07047843933105469,0.15729020535945892,0.22020785510540009,0.53387451171875,0.7682744860649109,0.8326548933982849,0.9493724912405032,0.004743877682245738,0.018249096513605442,0.006350977891156463,0.5364819765090942,0.5105746984481812,0.5024785995483398,0.18187402188777924,0.19784808158874512,0.18840092420578003,1.0507413066067468,0.9841431957602992,0.002728464314714074,0219.jpg
4032,3024,0.6331907510757446,0.19125652313232422,0.057694122195243835,0.26756078004837036,0.424003928899765,0.6426313519477844,0.8733804225921631,0.9192509651184082,0.9764705896377563,0.008884364895649617,0.017765203110565213,0.008964002267573696,0.6450154185295105,0.6303680539131165,0.5988449454307556,0.1877647191286087,0.19118598103523254,0.19364869594573975,1.0232361733582387,0.9499926141889801,0.0016322421142831445,0220.jpg
4032,3024,0.4752670228481293,0.2682529389858246,0.0067137256264686584,0.02442353032529354,0.059384316205978394,0.49391767382621765,0.8348549604415894,0.9054940938949585,0.9807764887809753,0.08875318549487696,0.13995706307214242,0.010562080735071807,0.4941842555999756,0.4724248945713043,0.4405326545238495,0.2637253403663635,0.27299758791923523,0.2680497169494629,1.046058781448499,0.9324926080176131,0.0016602618852630258,0221.jpg
4032,3024,0.6044913530349731,0.30298861861228943,0.047337256371974945,0.09803922474384308,0.1417921632528305,0.691478431224823,0.9300784468650818,0.9405961036682129,0.9725490808486938,0.01065598886159402,0.05222153000860838,0.004986562526245066,0.6228920221328735,0.57268226146698,0.5840050578117371,0.298055499792099,0.31113359332084656,0.31483668088912964,1.087674573440957,1.0197714812124117,0.002428525360301137,0222.jpg
4032,3024,0.5133440494537354,0.28357094526290894,0.003921568859368563,0.06262744963169098,0.11810196936130524,0.5329137444496155,0.8827764391899109,0.924949049949646,0.9484705924987793,0.040279778964054755,0.08212696247480473,0.0009700012335180986,0.5647311210632324,0.5187342762947083,0.43983209133148193,0.28568950295448303,0.28271010518074036,0.28039684891700745,1.088671133178134,0.8478950852796836,0.006793048232793808,0223.jpg
4032,3024,0.4283040165901184,0.2679702639579773,0.02687843330204487,0.07470588386058807,0.11729412525892258,0.36857256293296814,0.8363568782806396,0.9398941397666931,0.9810078740119934,0.025671939300411523,0.0785156414031662,0.01074415587994457,0.44423529505729675,0.42604750394821167,0.3648723065853119,0.26993241906166077,0.26434165239334106,0.28380197286605835,1.0426894847430233,0.8564125990445071,0.012259719893336296,0224.jpg
4032,3024,0.48485976457595825,0.29091358184814453,0.00460392190143466,0.034788236021995544,0.08668627589941025,0.48659610748291016,0.869458794593811,0.9224627614021301,0.9807804822921753,0.0643540498761233,0.11200114690938104,0.010514757600571092,0.49425676465034485,0.4910610616207123,0.46922996640205383,0.28772222995758057,0.28753337264060974,0.30106326937675476,1.0065077375741172,0.9555431035608685,0.012050862424075603,0225.jpg
4032,3024,0.4448798596858978,0.2654728293418884,0.0034745100419968367,0.03440000116825104,0.07870981097221375,0.4507215917110443,0.7963568568229675,0.9016391634941101,0.9803922176361084,0.066644341957462,0.1253370850655077,0.010548466107121861,0.4579510986804962,0.43146276473999023,0.4126436710357666,0.2722872495651245,0.2648640275001526,0.26134926080703735,1.0613917925563656,0.9563831421265133,0.0032581952400505543,0226.jpg
4032,3024,0.49760517477989197,0.22612057626247406,0.05152156949043274,0.12134118378162384,0.1878078579902649,0.5065921545028687,0.7802078723907471,0.8906823992729187,0.9531726241111755,0.00943624942260855,0.033223710973586965,0.002876459225665575,0.5101308822631836,0.46792441606521606,0.43964746594429016,0.23272007703781128,0.22778606414794922,0.22788333892822266,1.0901991316327326,0.9395695357633985,0.001297182752750814,0227.jpg
4032,3024,0.5063302516937256,0.2731567323207855,0.007843137718737125,0.05449412018060684,0.11443530023097992,0.5056980848312378,0.9101921916007996,0.9219568967819214,0.9440352916717529,0.042072645030234314,0.09392272534013606,0.00042738449546485263,0.5270346999168396,0.4986015856266022,0.4670582115650177,0.2711799740791321,0.2722039222717285,0.2715686857700348,1.057025605381699,0.9367364410636912,0.00041528738802298903,0228.jpg
4032,3024,0.5426914691925049,0.2216358184814453,0.011596078984439373,0.09803922474384308,0.27074119448661804,0.5847019553184509,0.7967451214790344,0.8499176502227783,0.8893019556999207,0.031068745013437475,0.0504520384542706,0.0017833522297808011,0.527614951133728,0.5626082420349121,0.5386603474617004,0.23865215480327606,0.2191568911075592,0.20537632703781128,0.9378017844594657,0.9574342318185282,0.0014987657777965069,0229.jpg
4032,3024,0.46234145760536194,0.27888745069503784,0.0034745100419968367,0.02263529598712921,0.059298042207956314,0.5084902048110962,0.8711266815662413,0.921913743019104,0.9768392443656921,0.08345094403502142,0.15550824882422104,0.009162890657806332,0.46092623472213745,0.447330504655838,0.42831331491470337,0.2748357951641083,0.277395635843277,0.27822163701057434,1.0303929634394062,0.957487479546593,0.005658982787281275,0230.jpg
4032,3024,0.5849083065986633,0.2166648805141449,0.04325490444898605,0.07165098190307617,0.14223922789096832,0.6268784999847412,0.8079098463058472,0.8745765089988708,0.9616784453392029,0.01569832215293525,0.08360078695830184,0.006146184361090115,0.5786504149436951,0.5716874599456787,0.5587477684020996,0.21667665243148804,0.2171207219362259,0.2087164670228958,1.0121796318902045,0.9773658339284851,0.0015513832913711667,0231.jpg
4032,3024,0.5708940625190735,0.19066621363162994,0.05971765145659447,0.1649843156337738,0.3340744972229004,0.5876196622848511,0.7926706075668335,0.8775372505187988,0.9552587866783142,0.008405474458301839,0.026475530412782396,0.005413947021709918,0.5541139245033264,0.554397463798523,0.5403411984443665,0.18763604760169983,0.1905599683523178,0.19046232104301453,0.9994885640677035,0.9746459157591303,0.003512550378218293,0232.jpg
4032,3024,0.3900505602359772,0.2642509937286377,0.007035294082015753,0.04273725673556328,0.07427451759576797,0.3517058789730072,0.7617647051811218,0.8565059304237366,0.965125560760498,0.05952134904887881,0.14882174416834634,0.007170398058914924,0.39632055163383484,0.389525443315506,0.3588827848434448,0.26708751916885376,0.258443146944046,0.26840344071388245,1.0174445366545373,0.9213335602809347,0.014654576778411865,0233.jpg
4032,3024,0.4830831289291382,0.2502326965332031,0.05143529921770096,0.1327921599149704,0.18798823654651642,0.4592117667198181,0.9036314487457275,0.9459843039512634,0.9946353435516357,0.009543034034601494,0.02603092259280255,0.021829333585285965,0.5031495094299316,0.47232165932655334,0.46327680349349976,0.23987358808517456,0.2543121874332428,0.24159245193004608,1.065268624095514,0.9808502606122054,0.024761058390140533,0234.jpg
4032,3024,0.5092657208442688,0.26969414949417114,0.05130196362733841,0.09812548756599426,0.1415451020002365,0.5056823492050171,0.9220548868179321,0.9453333616256714,0.968627393245697,0.009252533961115311,0.05235152510078105,0.0026373830782312926,0.5267408490180969,0.5016482472419739,0.48918551206588745,0.26533451676368713,0.27057594060897827,0.2586529552936554,1.050020212158356,0.9751564758751148,0.01161590963602066,0235.jpg
4032,3024,0.5094078779220581,0.22865040600299835,0.016749020665884018,0.12576863169670105,0.21129019558429718,0.5013450980186462,0.8661176562309265,0.932819664478302,0.9732823371887207,0.01832455107814731,0.03753651344797178,0.006430205183925422,0.5091566443443298,0.5013931393623352,0.4869188070297241,0.23620222508907318,0.2249300628900528,0.2068248838186264,1.0154838367115102,0.9711318278450176,0.01532578095793724,0236.jpg
4032,3024,0.5146612524986267,0.27497509121894836,0.035909805446863174,0.09469019621610641,0.1491725593805313,0.4756392240524292,0.8903490304946899,0.9145333170890808,0.9303451180458069,0.01669063169249181,0.05401767670802889,9.743480725623583e-05,0.5520409941673279,0.5126004219055176,0.4927118718624115,0.26995614171028137,0.2788902223110199,0.2897835671901703,1.076941987626948,0.9612007513182982,0.004967934917658567,0237.jpg
4032,3024,0.46146637201309204,0.2228456288576126,0.047294117510318756,0.13407450914382935,0.20834903419017792,0.4250117838382721,0.808188259601593,0.9063059091567993,0.9606314301490784,0.010352202223481986,0.02669246228584026,0.0010575941410514824,0.4694671034812927,0.4735190272331238,0.4698446989059448,0.22705715894699097,0.22171089053153992,0.2102670818567276,0.991442972802001,0.9922403950923706,0.00360701116733253,0238.jpg
4032,3024,0.4681532084941864,0.2776947617530823,0.008164705708622932,0.05498823523521423,0.10481961071491241,0.4390588402748108,0.8640627861022949,0.9011961221694946,0.9522275328636169,0.04487233743806165,0.09540598164420089,0.0026042486824976903,0.4929552376270294,0.4532044231891632,0.4292837679386139,0.2638687789440155,0.28224730491638184,0.32206571102142334,1.087710367978705,0.9472189562908979,0.018978247418999672,0239.jpg
4032,3024,0.4905712902545929,0.30536961555480957,0.0036862746346741915,0.045776475220918655,0.09925490617752075,0.4702000021934509,0.8750549554824829,0.9100705981254578,0.9534549117088318,0.05318603618144789,0.10023285934744268,0.0006041286113210717,0.5006873607635498,0.4721502661705017,0.4727969169616699,0.2927205562591553,0.3105640411376953,0.3220740556716919,1.0604405762257194,1.0013695839395138,0.0035195511300116777,0240.jpg
4032,3024,0.4602046012878418,0.22047822177410126,0.010870588943362236,0.14495687186717987,0.20038823783397675,0.43773335218429565,0.8033334016799927,0.8740352988243103,0.9617529511451721,0.018353502666498697,0.02809239050558495,0.004359059403082221,0.48789355158805847,0.4504210948944092,0.4053000509738922,0.21276599168777466,0.219833105802536,0.2113695591688156,1.0831940908725488,0.8998249765454012,0.0036961170844733715,0241.jpg
4032,3024,0.4873030483722687,0.24883586168289185,0.0068392157554626465,0.08107059448957443,0.14583922922611237,0.5032432079315186,0.8778039216995239,0.9290235042572021,0.968627393245697,0.033568997622197026,0.06374401612496851,0.00409390222138238,0.4550483226776123,0.46821165084838867,0.48220062255859375,0.24529382586479187,0.24809230864048004,0.24146442115306854,0.9718860049019932,1.029877389440156,0.005353044718503952,0242.jpg
4032,3024,0.5219376683235168,0.2735186815261841,0.017415687441825867,0.07870981097221375,0.12906667590141296,0.5527412295341492,0.8669334053993225,0.8859529495239258,0.9070118069648743,0.026987227182539684,0.07088972741874527,1.6731229528848577e-05,0.515912652015686,0.5196839570999146,0.5173478722572327,0.2584012746810913,0.27426037192344666,0.2939818799495697,0.9927430936133419,0.9955048057274578,0.005273634102195501,0243.jpg
4032,3024,0.49127858877182007,0.2269676923751831,0.028011765331029892,0.1171647161245346,0.1839137226343155,0.477117657661438,0.7807765007019043,0.8383569121360779,0.9573097825050354,0.01692372068426136,0.04004726408310238,0.00575988979696817,0.5072997808456421,0.4937829077243805,0.46813955903053284,0.2262583076953888,0.22641310095787048,0.24970324337482452,1.0273740656789618,0.9480676703053652,0.014408820308744907,0244.jpg
4032,3024,0.434213250875473,0.2680925130844116,0.0011725490912795067,0.016815688461065292,0.05971765145659447,0.46351373195648193,0.7729058861732483,0.8300509452819824,0.918349027633667,0.08561001078672209,0.16396334286029227,0.0020603196911480643,0.45468905568122864,0.4236445724964142,0.38780444860458374,0.28884515166282654,0.26443737745285034,0.22911888360977173,1.0732793759695842,0.9154006881728151,0.008870161138474941,0245.jpg
4032,3024,0.4787929952144623,0.30021870136260986,0.004815686494112015,0.03893725574016571,0.0708666741847992,0.5018039345741272,0.9212902188301086,0.9388039708137512,0.9686000347137451,0.06538359460296464,0.146056498409549,0.004616425080834803,0.4690272808074951,0.4593881368637085,0.45920121669769287,0.29228752851486206,0.2982047200202942,0.3030014932155609,1.0209825247710338,0.9995931114799715,0.008574547246098518,0246.jpg
4032,3024,0.42363831400871277,0.2431819587945938,0.007843137718737125,0.06632157415151596,0.10929019749164581,0.38505488634109497,0.7374902367591858,0.8286117911338806,0.9453333616256714,0.03695461112685815,0.08870372994876963,0.0023661567250356933,0.40254735946655273,0.41310882568359375,0.41945692896842957,0.24727049469947815,0.2429600954055786,0.23661667108535767,0.9744342410651589,1.015366623813247,0.007335237693041563,0247.jpg
4032,3024,0.49763545393943787,0.30862680077552795,0.00453725503757596,0.03995686396956444,0.08183921873569489,0.4036431312561035,0.9138666391372681,0.947709858417511,0.9686000347137451,0.06054982756991686,0.12446640500335937,0.0036566758261946755,0.4993714392185211,0.5120005011558533,0.5295994281768799,0.2933064103126526,0.3049660623073578,0.3127782642841339,0.9753339357231925,1.0343728035587723,0.006714220158755779,0248.jpg
4032,3024,0.5056962966918945,0.2660997807979584,0.03952157124876976,0.13658824563026428,0.1836470663547516,0.49818041920661926,0.8675529360771179,0.9207097887992859,0.9568980932235718,0.011629106696691023,0.027767197735575712,0.003062389114596456,0.46461591124534607,0.49321186542510986,0.5192424058914185,0.2740747630596161,0.2679576873779297,0.27158379554748535,0.9420210700401815,1.0527774968803225,0.007827822118997574,0249.jpg
4032,3024,0.42925432324409485,0.19718505442142487,0.027172550559043884,0.08991764485836029,0.14910589158535004,0.4320392310619354,0.6743098497390747,0.7774274945259094,0.9647058844566345,0.023544448643654993,0.05789464705635341,0.005650480678382464,0.46764540672302246,0.44498008489608765,0.38226982951164246,0.2065870314836502,0.19167396426200867,0.18623296916484833,1.050935472531889,0.8590720875268455,0.01422170177102089,0250.jpg
4032,3024,0.4508671760559082,0.19812586903572083,0.0076078432612121105,0.0750901997089386,0.1454862803220749,0.4782784581184387,0.6674078106880188,0.7963098287582397,0.9096863269805908,0.03372499173280423,0.06734426505941883,0.0003841621525153271,0.446317195892334,0.4523559808731079,0.4570973813533783,0.1870395690202713,0.1978958398103714,0.2111743986606598,0.9866503994939609,1.0104815459487746,0.012415406294167042,0251.jpg
4032,3024,0.4718623459339142,0.25477781891822815,0.016286276280879974,0.05945098027586937,0.09540784358978271,0.5333059430122375,0.7733059525489807,0.8230039477348328,0.9051451086997986,0.03814146221760309,0.1056657520261191,0.0002971433557991098,0.5224268436431885,0.45947104692459106,0.3536670207977295,0.27627676725387573,0.24675333499908447,0.22519822418689728,1.1370176861464867,0.7697269576353004,0.009788140654563904,0252.jpg
4032,3024,0.5353090167045593,0.23329076170921326,0.01568627543747425,0.11698824167251587,0.203780397772789,0.5454118251800537,0.9071647524833679,0.9383842945098877,0.9644274711608887,0.02417998931825817,0.04320848227408247,0.0034353971140925507,0.5671766400337219,0.5099503993988037,0.4502755105495453,0.23390397429466248,0.22757059335708618,0.22413022816181183,1.1122190089141513,0.882979262495189,0.009807457216084003,0253.jpg
4032,3024,0.5460567474365234,0.2410326898097992,0.0676666647195816,0.1813490241765976,0.23544707894325256,0.48991766571998596,0.8975332975387573,0.9168196320533752,0.9357725977897644,0.007760830026455026,0.015360170881624254,0.000933504188712522,0.5686585903167725,0.568540632724762,0.5450747013092041,0.24053612351417542,0.23827654123306274,0.2364094853401184,1.0002074739741489,0.9587260983807003,0.00534037034958601,0254.jpg
4032,3024,0.4518519639968872,0.21188418567180634,0.012000001035630703,0.07003922015428543,0.12948627769947052,0.49379608035087585,0.6754117608070374,0.7421058416366577,0.9428471326828003,0.03413662918871252,0.07434390615814226,0.0003497975193163685,0.4586011469364166,0.44973868131637573,0.4103103280067444,0.20940141379833221,0.20712745189666748,0.2197309285402298,1.0197057675544676,0.9123307216427387,0.002126529114320874,0255.jpg
4032,3024,0.47993600368499756,0.26644366979599,0.02472549118101597,0.07467059046030045,0.11813333630561829,0.48296862840652466,0.8428000211715698,0.900866687297821,0.9730902314186096,0.026063400861887964,0.07804675689720332,0.006148972899344923,0.4884144067764282,0.47673919796943665,0.4088866412639618,0.2666230797767639,0.2629094123840332,0.28880366683006287,1.0244896672374584,0.857673934368285,0.004602876026183367,0256.jpg
4032,3024,0.4584839642047882,0.2877783179283142,0.02687843330204487,0.10433334112167358,0.1494431495666504,0.34095296263694763,0.8742823004722595,0.8969764709472656,0.9193176627159119,0.018121889959687578,0.04700753758293441,8.201583102376753e-07,0.5000330209732056,0.4371401071548462,0.3847316801548004,0.28113436698913574,0.2886003851890564,0.2956896424293518,1.1438732546286963,0.8801109615585033,0.003101825015619397,0257.jpg
4032,3024,0.4794895648956299,0.18544375896453857,0.07399608194828033,0.1799764633178711,0.2538392245769501,0.4466392397880554,0.7641177177429199,0.8429529666900635,0.9681529402732849,0.006739732930209121,0.014486292202066011,0.0048293381781725035,0.5029495358467102,0.4913638234138489,0.46839094161987305,0.1817653924226761,0.18288636207580566,0.18656545877456665,1.0235786362409247,0.9532467919979142,0.006261543370783329,0258.jpg
4032,3024,0.41177454590797424,0.23357689380645752,0.011058824136853218,0.05910196527838707,0.10938823968172073,0.4046313762664795,0.7524353265762329,0.9365764856338501,0.9871882796287537,0.042162534381036364,0.08904942667653482,0.016000222426933736,0.45270782709121704,0.4221417009830475,0.35353004932403564,0.23536409437656403,0.22950902581214905,0.23274235427379608,1.0724070937078622,0.8374681085347792,0.016645172610878944,0259.jpg
4032,3024,0.4826270341873169,0.2369443029165268,0.015113725326955318,0.07473333179950714,0.1189294159412384,0.5334863066673279,0.759302020072937,0.8162274956703186,0.9285489916801453,0.028271923159695976,0.07707511534706475,0.0033907805020156213,0.4885578751564026,0.4697016775608063,0.43956097960472107,0.24011372029781342,0.23275013267993927,0.2352638840675354,1.0401449650947652,0.935830261576094,0.010874204337596893,0260.jpg
4032,3024,0.503609299659729,0.2623094618320465,0.027450980618596077,0.10034509748220444,0.15629412233829498,0.4853804111480713,0.8899176120758057,0.9252628087997437,0.9620667099952698,0.018508266539640546,0.049999393082850424,0.0017489055807508188,0.5120781660079956,0.5034164190292358,0.47354012727737427,0.2588343918323517,0.2586546838283539,0.2632199823856354,1.0172058944552667,0.9406530433343496,0.013356426730751991,0261.jpg
4032,3024,0.48706844449043274,0.2262091189622879,0.04010980576276779,0.13723529875278473,0.20077648758888245,0.4623921811580658,0.8243294358253479,0.9024118185043335,0.9446784257888794,0.011881961503737297,0.029355106240026876,0.001353015164399093,0.5081595778465271,0.497453898191452,0.47102102637290955,0.2242310792207718,0.2232089340686798,0.22597597539424896,1.021520905099129,0.9468637821948445,0.011992211453616619,0262.jpg
4032,3024,0.3955242931842804,0.22179211676120758,0.031694117933511734,0.09690980613231659,0.14429019391536713,0.3623882532119751,0.7173686027526855,0.9209529757499695,0.9797921180725098,0.018293139014865206,0.053170125110229276,0.009849117115982195,0.41427862644195557,0.4054165482521057,0.3706406056880951,0.21669407188892365,0.2176664173603058,0.22538349032402039,1.0218591381356266,0.9142219109312322,0.011227394454181194,0263.jpg
4032,3024,0.48592010140419006,0.21650360524654388,0.08216863125562668,0.1719764620065689,0.22398433089256287,0.45424315333366394,0.8503097891807556,0.8989333510398865,0.9484784603118896,0.005409764214327707,0.013956551949483496,0.0016855073433694465,0.49727392196655273,0.5006439089775085,0.47924208641052246,0.20842795073986053,0.21471937000751495,0.2310452163219452,0.9932687081192165,0.9572514926583472,0.01290067471563816,0264.jpg
4032,3024,0.48947930335998535,0.26350435614585876,0.019329413771629333,0.10363137722015381,0.1642862856388092,0.43960392475128174,0.8942391872406006,0.9387372732162476,0.9855961203575134,0.020141693830309903,0.04733232027378853,0.013261221734063995,0.512108325958252,0.49852415919303894,0.47073790431022644,0.26035889983177185,0.261534184217453,0.26451921463012695,1.0272487085450246,0.944263084078264,0.010386335663497448,0265.jpg
4032,3024,0.45970842242240906,0.23997259140014648,0.037305884063243866,0.12890589237213135,0.17677254974842072,0.42709803581237793,0.8456510305404663,0.9224117994308472,0.9534471035003662,0.01281940245233896,0.031807379587637526,0.000980499259889141,0.5056052207946777,0.4504263997077942,0.36499565839767456,0.25302544236183167,0.23745043575763702,0.22322505712509155,1.1225032516287414,0.8103340485824327,0.009443715214729309,0266.jpg
4032,3024,0.44294998049736023,0.2499372810125351,0.047384317964315414,0.11681961268186569,0.16019216179847717,0.39154118299484253,0.8907686471939087,0.9084078073501587,0.9301216006278992,0.01066271415973797,0.03660948850991014,5.166997354497354e-05,0.5045667886734009,0.4341381788253784,0.35260888934135437,0.2495543509721756,0.2458326518535614,0.26047515869140625,1.1622258788957416,0.8122047180707983,0.010723658837378025,0267.jpg
4032,3024,0.5054141879081726,0.22093555331230164,0.029054902493953705,0.15027059614658356,0.22804707288742065,0.4831843376159668,0.8222470283508301,0.839733362197876,0.940156877040863,0.015372883335432939,0.030074303062274294,0.0002663054033341732,0.5641096234321594,0.5122803449630737,0.41702988743782043,0.21739192306995392,0.21871720254421234,0.23295259475708008,1.1011734645008822,0.8140661211621532,0.0064149945974349976,0268.jpg
4032,3024,0.48127004504203796,0.20904569327831268,0.07074117660522461,0.15697255730628967,0.20703530311584473,0.4797137379646301,0.7650745511054993,0.8397804498672485,0.9318078756332397,0.006400023358108676,0.018027817801503317,0.0011518303308977911,0.5629264712333679,0.46824347972869873,0.3569139242172241,0.23090101778507233,0.201752170920372,0.19074663519859314,1.2022084522160916,0.7622405381565223,0.017471106722950935,0269.jpg
4032,3024,0.5301793813705444,0.22369523346424103,0.012380392290651798,0.12880000472068787,0.210956871509552,0.5649843215942383,0.8118863105773926,0.8657411932945251,0.9494745135307312,0.018289612334131185,0.0326886396919879,0.0038912411029226506,0.5640403628349304,0.5300877690315247,0.5124126672744751,0.21346791088581085,0.22825810313224792,0.22521531581878662,1.0640507699596,0.9666563360900061,0.0021550506353378296,0270.jpg
4032,3024,0.5251172184944153,0.27701643109321594,0.0313725508749485,0.09421961009502411,0.16082747280597687,0.4868745505809784,0.920505940914154,0.9494078755378723,0.9809058904647827,0.019009629314688838,0.05300191064079953,0.011908288585495927,0.5673965215682983,0.5339532494544983,0.5095482468605042,0.26316121220588684,0.28086385130882263,0.2831481397151947,1.0626332165124008,0.95429383206721,0.0016324421158060431,0271.jpg
4032,3024,0.47889018058776855,0.2651514708995819,0.007564706262201071,0.07900392264127731,0.12941177189350128,0.4856078624725342,0.8242313861846924,0.8866980671882629,0.9614391922950745,0.032415198911354665,0.06752789850508105,0.001990934298101957,0.49121084809303284,0.47116994857788086,0.43888983130455017,0.28539037704467773,0.26165685057640076,0.22431591153144836,1.0425342427746038,0.9314895848932099,0.008334429934620857,0272.jpg
4032,3024,0.5034727454185486,0.22334186732769012,0.023019609972834587,0.10510588437318802,0.17701569199562073,0.513447105884552,0.856262743473053,0.8868941068649292,0.9287450909614563,0.018914901029856386,0.0472007668808264,0.001563959881792223,0.47560304403305054,0.4893088936805725,0.5086275935173035,0.21496061980724335,0.21957427263259888,0.23279686272144318,0.9719894287351784,1.0394815230311745,0.0066856206394732,0273.jpg
4032,3024,0.5381950736045837,0.23042650520801544,0.020180393010377884,0.11896079033613205,0.18663138151168823,0.5915569067001343,0.8401098251342773,0.9423059225082397,0.9791764616966248,0.01734339569160998,0.040091798679348284,0.009540327512177711,0.4911029636859894,0.5037617087364197,0.5092743635177612,0.22702868282794952,0.22496426105499268,0.22008979320526123,0.9748716115129242,1.0109429592261183,0.005583449266850948,0274.jpg
4032,3024,0.4774322509765625,0.2366611212491989,0.0117647061124444,0.09067059308290482,0.13674119114875793,0.4810706079006195,0.8440510034561157,0.8702353239059448,0.9099569320678711,0.02130697475749559,0.06378838668955236,0.0009769725791551188,0.47964033484458923,0.4825645685195923,0.47422245144844055,0.2254544347524643,0.234800323843956,0.2669675350189209,0.9939402355539497,0.9827129873837797,0.008283083327114582,0275.jpg
4032,3024,0.5381101965904236,0.22143596410751343,0.04345882683992386,0.15700392425060272,0.21021568775177002,0.579466700553894,0.7921568751335144,0.8448078632354736,0.952521562576294,0.010920817979969766,0.020643548700344336,0.0021487327569916855,0.5612057447433472,0.5236084461212158,0.48781871795654297,0.2226429581642151,0.22160115838050842,0.21943220496177673,1.071804087761678,0.9316480471660789,0.0038363311905413866,0276.jpg
4032,3024,0.45645979046821594,0.3164673149585724,0.00460392190143466,0.02638823725283146,0.05901961028575897,0.41696861386299133,0.854623556137085,0.8779569268226624,0.8952471017837524,0.08430464682014781,0.17033507075669774,0.0003766166960611405,0.4336564838886261,0.4199286103248596,0.4113967716693878,0.3064175844192505,0.3187411427497864,0.332801878452301,1.0326908920596158,0.9796826933712259,0.013893602415919304,0277.jpg
4032,3024,0.5050364136695862,0.22491569817066193,0.007843137718737125,0.066968634724617,0.1728392243385315,0.5106980800628662,0.772192120552063,0.8438039422035217,0.9030157327651978,0.040531649581128745,0.06684700307592173,0.0007587284528008735,0.5081819295883179,0.4944498538970947,0.4992552697658539,0.20574505627155304,0.23164893686771393,0.2684168219566345,1.0277723773414316,1.009718692628164,0.004716549534350634,0278.jpg
4032,3024,0.48750442266464233,0.2663303017616272,0.028066668659448624,0.08211764693260193,0.13390588760375977,0.5219882726669312,0.8247804045677185,0.9186627864837646,0.9381882548332214,0.02411126005186025,0.06434396192890736,0.00041212955089443186,0.5100324749946594,0.4760659337043762,0.4363254904747009,0.27709218859672546,0.2648591995239258,0.24741266667842865,1.0713482472432658,0.9165234121167656,0.011067822575569153,0279.jpg
4032,3024,0.42495593428611755,0.2581225633621216,0.007666666992008686,0.06997255235910416,0.12670589983463287,0.3487725555896759,0.8244235515594482,0.8906627297401428,0.9219568967819214,0.0372743088361888,0.07340170829134122,0.0005504082420005039,0.41410067677497864,0.4194560945034027,0.4185194969177246,0.25354140996932983,0.25496727228164673,0.2551731765270233,0.9872325017299698,0.9977671194552402,0.02054755762219429,0280.jpg
4032,3024,0.49452608823776245,0.2557632327079773,0.03455294296145439,0.11756078898906708,0.16381175816059113,0.47935688495635986,0.8554157018661499,0.890615701675415,0.9449451565742493,0.013965491675065087,0.03715177718463929,0.0030250719114806417,0.5051374435424805,0.48351842164993286,0.4500744342803955,0.25566405057907104,0.25549039244651794,0.262381374835968,1.0447117963096006,0.9308321736996311,0.02028871327638626,0281.jpg
4032,3024,0.39777788519859314,0.24786829948425293,0.015070589259266853,0.07056862860918045,0.11330588161945343,0.3400156795978546,0.7771804332733154,0.8599019646644592,0.9534000754356384,0.03219301802511128,0.08285714941840934,0.003489691594230285,0.4378955066204071,0.39660727977752686,0.3107459545135498,0.26116815209388733,0.24316485226154327,0.23527930676937103,1.10410329019364,0.7835110116406545,0.03711431473493576,0282.jpg
4032,3024,0.4904206395149231,0.24013881385326385,0.03240000456571579,0.08747059106826782,0.13619999587535858,0.5251372456550598,0.7774549722671509,0.826411783695221,0.9188901782035828,0.018774243879650626,0.06192761151528513,0.00171322869425548,0.563970685005188,0.47103631496429443,0.3691278398036957,0.26892775297164917,0.23264938592910767,0.21553866565227509,1.197297256689607,0.7836509509478593,0.02225004881620407,0283.jpg
4032,3024,0.417086124420166,0.2246169149875641,0.0255803931504488,0.09666275233030319,0.14487451314926147,0.3887333273887634,0.7490314245223999,0.8714039325714111,0.9576392769813538,0.019152992987318384,0.053314226925338035,0.004811458727009322,0.4687708020210266,0.40889593958854675,0.33390671014785767,0.2268303632736206,0.22156922519207,0.2281840592622757,1.1464302043755306,0.8166060388807332,0.034319907426834106,0284.jpg
4032,3024,0.4618494212627411,0.2129323035478592,0.06666667014360428,0.131890207529068,0.1768588274717331,0.4580196440219879,0.7526078224182129,0.8270784616470337,0.9302666783332825,0.00620006876207273,0.024726542816200556,0.003097655921936676,0.5310555100440979,0.4514541029930115,0.35248276591300964,0.23327353596687317,0.20762209594249725,0.1816691756248474,1.1763218679406946,0.7807725808749272,0.00974971428513527,0285.jpg
4032,3024,0.40136489272117615,0.2717319428920746,0.003407843178138137,0.022247059270739555,0.056031376123428345,0.39643532037734985,0.8513020277023315,0.8711882829666138,0.9915411472320557,0.08843160142143278,0.17290700520177207,0.012880094167296548,0.37470075488090515,0.4188341796398163,0.36705026030540466,0.2757868766784668,0.26884904503822327,0.26158615946769714,0.8946281809544644,0.8763620587483983,0.002979050390422344,0286.jpg
4032,3024,0.42644041776657104,0.2703043818473816,0.003643137402832508,0.011698039248585701,0.02625490352511406,0.42717257142066956,0.7401137351989746,0.792717695236206,0.9605568647384644,0.1442500177154195,0.18853750026245067,0.00454080648463089,0.4303639531135559,0.45467230677604675,0.4400652050971985,0.2628940939903259,0.2764715552330017,0.26189595460891724,0.9465366598385682,0.967873412709396,0.0007362608448602259,0287.jpg
4032,3024,0.43645229935646057,0.270327091217041,0.02231372520327568,0.06331764906644821,0.09070980548858643,0.41173335909843445,0.8188353180885315,0.8782784342765808,0.9812392592430115,0.03233211687452759,0.11885365160724784,0.010377709146930376,0.4514258801937103,0.4250369966030121,0.4076838791370392,0.2750186324119568,0.26958176493644714,0.2615344524383545,1.062085940084424,0.9591727854811511,0.008506682701408863,0288.jpg
4032,3024,0.44773152470588684,0.3027987778186798,0.000894117692951113,0.0076078432612121105,0.03870196267962456,0.4320274591445923,0.7964667081832886,0.808188259601593,0.9213098287582397,0.11500366446733014,0.20034523743911145,0.005802373997438481,0.48926523327827454,0.46132826805114746,0.4415592849254608,0.30809250473976135,0.30961281061172485,0.2999863922595978,1.0605575391848534,0.9571477803495987,0.008739912882447243,0289.jpg
4032,3024,0.3119065463542938,0.23626771569252014,0.0011725490912795067,0.015964707359671593,0.04010980576276779,0.2670784592628479,0.7022078037261963,0.8085019588470459,0.9027568697929382,0.11867723555471571,0.22205384372113043,0.00023456527672797514,0.32866722345352173,0.3093515634536743,0.2809976041316986,0.239901602268219,0.23358049988746643,0.22069664299488068,1.0624389847758282,0.9083441914771082,0.003194948425516486,0290.jpg
4032,3024,0.3353826403617859,0.2406000941991806,0.004690196365118027,0.0235294122248888,0.04689804092049599,0.29524707794189453,0.6897215843200684,0.7922313809394836,0.9882352948188782,0.10478326168430335,0.17494764109347444,0.01224250309691778,0.3378239572048187,0.328568696975708,0.33961448073387146,0.23944737017154694,0.2428731918334961,0.23971869051456451,1.02816833175518,1.0336177799104223,0.012976866215467453,0291.jpg
4032,3024,0.3478054404258728,0.2565808892250061,0.0027921569999307394,0.016235295683145523,0.042007844895124435,0.3015725612640381,0.6557098031044006,0.7456117868423462,0.9906195998191833,0.11451632639938691,0.21284699257789536,0.012780690980095741,0.35131341218948364,0.3407280147075653,0.34583255648612976,0.26412567496299744,0.25901755690574646,0.24244436621665955,1.0310669095527523,1.0149812359917323,0.01086744200438261,0292.jpg
4032,3024,0.36706337332725525,0.2728225588798523,0.0,0.008737255819141865,0.03650980442762375,0.31353336572647095,0.7875686883926392,0.8598862886428833,0.9459921717643738,0.11795278971928277,0.20619296619110608,0.005416079433316536,0.3809953033924103,0.3598077595233917,0.35943180322647095,0.2764884829521179,0.2735538184642792,0.2629829943180084,1.058885569926324,0.9989551218891425,0.046638790518045425,0293.jpg
4032,3024,0.4333516061306,0.2800232768058777,0.023015687242150307,0.07138431072235107,0.1028549075126648,0.3769294321537018,0.8545804023742676,0.9063059091567993,0.9658549427986145,0.0263654651675485,0.09392690814751826,0.006163243653943059,0.4722108244895935,0.4291476309299469,0.41229894757270813,0.2919321060180664,0.2850669026374817,0.2698756158351898,1.1003456389137967,0.9607392820507702,0.017717791721224785,0294.jpg
4032,3024,0.3209250271320343,0.22677995264530182,0.000894117692951113,0.012380392290651798,0.04027843475341797,0.2754039466381073,0.6632549166679382,0.7213843464851379,0.9372667670249939,0.11016341818363148,0.18484367126480222,0.0030733792359536405,0.32582560181617737,0.31464576721191406,0.3278772234916687,0.2362973988056183,0.2273094803094864,0.22161288559436798,1.0355313823921595,1.0420517788788952,0.004822615999728441,0295.jpg
4032,3024,0.4652009606361389,0.2589208483695984,0.01899215765297413,0.04795294255018234,0.08693333715200424,0.5214157104492188,0.7817294597625732,0.84686279296875,0.9099255204200745,0.05048386059670782,0.12603602397749222,0.00038375207336020827,0.5046553611755371,0.4402567148208618,0.38004270195961,0.2850112020969391,0.25641483068466187,0.22654400765895844,1.1462748844296318,0.8632300790327944,0.005321022588759661,0296.jpg
4032,3024,0.4564765691757202,0.24446925520896912,0.004815686494112015,0.06969412416219711,0.14085491001605988,0.43589021265506744,0.831282377243042,0.8506627678871155,0.8814196187257767,0.03651508828840178,0.07154347560783572,8.619863840597968e-05,0.4967426061630249,0.451125830411911,0.4095763564109802,0.26311221718788147,0.24094387888908386,0.23422573506832123,1.1011174079570096,0.9078984640239793,0.003890709951519966,0297.jpg
4032,3024,0.4405668079853058,0.2465178221464157,0.03145882487297058,0.09816078841686249,0.16142746806144714,0.39327454566955566,0.8206706047058105,0.8714863061904907,0.9127960801124573,0.019184569082262536,0.05138480450050391,0.00021389728730998573,0.4996388554573059,0.42009660601615906,0.3833082318305969,0.2563495934009552,0.24421089887619019,0.2362336665391922,1.1893423059356527,0.9124289839820057,0.0029462187085300684,0298.jpg
4032,3024,0.4957737624645233,0.24388743937015533,0.036188237369060516,0.08296862244606018,0.12176471203565598,0.5287961363792419,0.8365647196769714,0.8811177015304565,0.9404666423797607,0.015387892232510287,0.08025035824514991,0.0003913795456454187,0.5165735483169556,0.48905178904533386,0.46488890051841736,0.2516506314277649,0.23721255362033844,0.22156451642513275,1.0562756411743326,0.9505924737203029,0.00865586381405592,0299.jpg
4032,3024,0.4717162549495697,0.30032333731651306,0.006949020083993673,0.039494119584560394,0.0708666741847992,0.4689745157957077,0.9034431576728821,0.9270941019058228,0.949298083782196,0.06759113271080038,0.14484930739271018,0.0005545090335516923,0.4909456670284271,0.4567580819129944,0.42262277007102966,0.30589979887008667,0.29906582832336426,0.28624027967453003,1.0748481781079176,0.9252662657543677,0.014095442369580269,0300.jpg
4032,3024,0.48040667176246643,0.2857358157634735,0.014556863345205784,0.07007451355457306,0.13612549006938934,0.4123646914958954,0.8937961459159851,0.9140706658363342,0.9334940910339355,0.03280756264697237,0.06948315591668766,0.00015410774649365918,0.4956192076206207,0.4795774519443512,0.4532738924026489,0.27324071526527405,0.28904613852500916,0.2953000068664551,1.0334497006928305,0.9451527493884265,0.007766304071992636,0301.jpg
4032,3024,0.3899248242378235,0.3124341666698456,0.007843137718737125,0.019607843831181526,0.0313725508749485,0.28560394048690796,0.8188666701316833,0.8513843417167664,0.913886308670044,0.16111337474804738,0.2555129401297556,0.003026056101452927,0.41276782751083374,0.36991673707962036,0.3500804305076599,0.32424798607826233,0.31458136439323425,0.2908945679664612,1.1158395127779186,0.9463764383709697,0.004643372260034084,0302.jpg
4032,3024,0.3978029489517212,0.28609973192214966,0.0027921569999307394,0.01568627543747425,0.03634902089834213,0.40121570229530334,0.7851215600967407,0.858964741230011,0.9885373115539551,0.12828727652326363,0.21776958275594188,0.014457832708700765,0.4076165556907654,0.3836989998817444,0.3682764172554016,0.2825583815574646,0.28728920221328735,0.27997514605522156,1.0623340000427217,0.9598056225407975,0.011013854295015335,0303.jpg
4032,3024,0.44308149814605713,0.21361090242862701,0.06298431009054184,0.13619215786457062,0.16805490851402283,0.4311882555484772,0.6958470940589905,0.7714079022407532,0.9917922019958496,0.007639118533215756,0.022835503800285546,0.015235998913454271,0.5055416226387024,0.40852800011634827,0.3624480366706848,0.25289925932884216,0.2046780288219452,0.18858645856380463,1.2374705895902736,0.8872051594071902,0.003010942367836833,0304.jpg
4032,3024,0.4381258487701416,0.2953431010246277,0.004815686494112015,0.05906274542212486,0.09405098110437393,0.3424588441848755,0.8944627642631531,0.952596127986908,0.9791686534881592,0.04141725652452339,0.1104233263521458,0.009225878816032585,0.4657965302467346,0.4421122968196869,0.41337865591049194,0.2970884144306183,0.2961842119693756,0.2824391722679138,1.0535705069207797,0.9350084217871562,0.004713958129286766,0305.jpg
4032,3024,0.41679805517196655,0.29532238841056824,0.003921568859368563,0.05328627675771713,0.09953725337982178,0.345960795879364,0.819725513458252,0.9055608510971069,0.9367294907569885,0.04610511739417989,0.10062022011736793,0.0020434244299571682,0.46670854091644287,0.3857156038284302,0.3582870662212372,0.2830899655818939,0.31022050976753235,0.28330886363983154,1.2099804267799656,0.9288894039433329,0.003584766760468483,0306.jpg
4032,3024,0.44944486021995544,0.2968122959136963,0.011486275121569633,0.05547451227903366,0.09916862845420837,0.38067060708999634,0.9069058895111084,0.9322706460952759,0.9692941308021545,0.044261975623582764,0.10033865976946334,0.006434962102124801,0.45276445150375366,0.44039955735206604,0.42645198106765747,0.2911827564239502,0.29827937483787537,0.29317837953567505,1.0280764725322609,0.9683297942031018,0.026565972715616226,0307.jpg
4032,3024,0.49950602650642395,0.21680910885334015,0.011725489981472492,0.10938432067632675,0.20000000298023224,0.48260003328323364,0.7915019989013672,0.8503647446632385,0.9460352659225464,0.030489221151423534,0.04741351594650206,0.003000631193835559,0.5931640267372131,0.47386467456817627,0.4232252538204193,0.22929193079471588,0.22933438420295715,0.2215709388256073,1.2517577418489996,0.8931354950030859,0.002632135758176446,0308.jpg
4032,3024,0.48942598700523376,0.20497271418571472,0.025752941146492958,0.14059609174728394,0.196356862783432,0.5407372713088989,0.7022392153739929,0.7519725561141968,0.9403333067893982,0.014904244876963131,0.029414731749181154,0.0025397022234819855,0.4780142605304718,0.46867674589157104,0.4598861038684845,0.20623280107975006,0.20739062130451202,0.20184624195098877,1.0199231022184292,0.981243739221362,0.009936187416315079,0309.jpg
4032,3024,0.45904457569122314,0.29802465438842773,0.007843137718737125,0.04403137415647507,0.07516863197088242,0.42707061767578125,0.8386784791946411,0.8663216233253479,0.9053019881248474,0.0573345609462921,0.14258148764907197,0.0035827795624422606,0.5236503481864929,0.4514390528202057,0.407633900642395,0.3151974380016327,0.304166704416275,0.2737918496131897,1.1599576619645815,0.902965738409443,0.005196534562855959,0310.jpg
4032,3024,0.5343295335769653,0.25168779492378235,0.014556863345205784,0.14508628845214844,0.20279216766357422,0.5212470889091492,0.8664823770523071,0.9106980562210083,0.9417489767074585,0.018702151964180735,0.027811896363483666,0.0014123946260603006,0.5748655796051025,0.5397965908050537,0.4988557696342468,0.2515842616558075,0.2539474666118622,0.24064581096172333,1.0649669235235877,0.9241552354656718,0.0031301002018153667,0311.jpg
4032,3024,0.3699737787246704,0.16363894939422607,0.0241450984030962,0.12134118378162384,0.1806313693523407,0.34056079387664795,0.5734509825706482,0.619674563407898,0.776462733745575,0.017624792007852524,0.038603293362097925,0.0010521810962039137,0.3827795684337616,0.36077484488487244,0.3246513307094574,0.16548971831798553,0.16547243297100067,0.16279327869415283,1.0609927850239285,0.8998726919011375,0.0037395749241113663,0312.jpg
4032,3024,0.4447688162326813,0.15863800048828125,0.07871372997760773,0.21029022336006165,0.25521570444107056,0.44710588455200195,0.6387098431587219,0.7249137163162231,0.8829804062843323,0.005730200066137566,0.014042996635382547,0.0037197460002519524,0.4994502365589142,0.4462239742279053,0.3686361014842987,0.17620421946048737,0.15611819922924042,0.1509881168603897,1.1192812267469012,0.8261238675001205,0.0031980443745851517,0313.jpg
4032,3024,0.4070427715778351,0.1882920265197754,0.025752941146492958,0.10168235749006271,0.16364315152168274,0.3964666724205017,0.6664706468582153,0.7833843231201172,0.921062707901001,0.019157421842193666,0.0488464145303183,0.0016181723460989333,0.4566616415977478,0.4199410676956177,0.33880674839019775,0.1915649175643921,0.1912187933921814,0.17761315405368805,1.0874419990919937,0.8067963999162197,0.006866286508738995,0314.jpg
4032,3024,0.4918476343154907,0.21853433549404144,0.023149020969867706,0.09450588375329971,0.1492156833410263,0.569270670413971,0.7097059488296509,0.728866696357727,0.757462739944458,0.021778319738389184,0.05420500086608718,0.00020930440077265473,0.5004301071166992,0.48459821939468384,0.45516714453697205,0.21685129404067993,0.21502645313739777,0.2330334484577179,1.0326700644334326,0.9392671847584189,0.005833877250552177,0315.jpg
4032,3024,0.26706352829933167,0.23914171755313873,0.0,0.008164705708622932,0.024537255987524986,0.18722745776176453,0.697882354259491,0.7438706159591675,0.8576078414916992,0.1621000251952633,0.3001776954994961,6.0609699126564206e-05,0.29080164432525635,0.2536039352416992,0.21545980870723724,0.24341502785682678,0.23771382868289948,0.237685427069664,1.1466758091600453,0.8495923334531778,0.00888122245669365,0316.jpg
4032,3024,0.46270695328712463,0.28451085090637207,0.000894117692951113,0.047600001096725464,0.11266274750232697,0.40783530473709106,0.8830941319465637,0.902188241481781,0.9498274326324463,0.050855310295414465,0.08925668068153188,0.003483868470227597,0.4685104191303253,0.46567001938819885,0.43831154704093933,0.27649834752082825,0.2797446846961975,0.3009473383426666,1.006099584521833,0.9412493558581265,0.021430660039186478,0317.jpg
4032,3024,0.5799182057380676,0.20126289129257202,0.09028235077857971,0.19533725082874298,0.2901098132133484,0.5925451517105103,0.8430627584457397,0.9104706048965454,0.9339058995246887,0.004732149418409339,0.012841710758377424,2.1652179390274627e-05,0.5877544283866882,0.5685008764266968,0.5328839421272278,0.198827862739563,0.20113566517829895,0.19655844569206238,1.033867173985439,0.9373494868243211,0.004913331475108862,0318.jpg
4032,3024,0.5735827088356018,0.255461722612381,0.06666667014360428,0.14455293118953705,0.2004353106021881,0.5876627564430237,0.9212470650672913,0.9344627857208252,0.9501489996910095,0.008170417086587722,0.015540031599059376,0.00024383306563366088,0.5993679165840149,0.5682540535926819,0.5322923064231873,0.23997698724269867,0.2594885528087616,0.26500964164733887,1.0547533414698587,0.9367154819968014,0.0022812604438513517,0319.jpg
4032,3024,0.5808603763580322,0.2559323012828827,0.0313725508749485,0.1250823587179184,0.19134902954101562,0.6556784510612488,0.8868470788002014,0.8986117839813232,0.9204196333885193,0.014643270502645503,0.03462396725665575,0.0011887374548584866,0.5905145406723022,0.568230152130127,0.5099835395812988,0.24843725562095642,0.25337305665016174,0.27202725410461426,1.0392171187000887,0.8974948622044406,0.005742353852838278,0320.jpg
4032,3024,0.42313534021377563,0.3111432194709778,0.0034745100419968367,0.037933334708213806,0.07007450610399246,0.2980667054653168,0.8689843416213989,0.8743568658828735,0.9012941122055054,0.06818697772318805,0.15070441756949693,0.00011941504997060553,0.43406710028648376,0.36936837434768677,0.3693598806858063,0.2935597002506256,0.3261958956718445,0.33102938532829285,1.1751599629857137,0.9999770049644872,0.0017014978220686316,0321.jpg
4032,3024,0.44005972146987915,0.23366816341876984,0.011639215983450413,0.0852000042796135,0.1360941380262375,0.4143725633621216,0.7418666481971741,0.8221147358417584,0.9057294726371765,0.02693235859158478,0.06341111386684303,0.001124437043335853,0.44233056902885437,0.4204866886138916,0.46766892075538635,0.20795659720897675,0.24753911793231964,0.3174178898334503,1.0519489179028514,1.1122083557238684,0.002580818720161915,0322.jpg
4032,3024,0.4004165530204773,0.27356570959091187,0.011725489981472492,0.0322745107114315,0.0555490218102932,0.4001215696334839,0.8311764597892761,0.8859529495239258,0.9085882306098938,0.08578921537750903,0.18618339986457547,3.18221424372218e-05,0.3806649446487427,0.3880365490913391,0.4584234654903412,0.24553529918193817,0.2888275384902954,0.3193006217479706,0.9810028579454272,1.1813920239518725,0.0020325968507677317,0323.jpg
4032,3024,0.4809652864933014,0.3096209764480591,0.00447058817371726,0.042811766266822815,0.08175294101238251,0.4543294310569763,0.8743568658828735,0.8822000622749329,0.9028627276420593,0.057048653759343246,0.1267609619079113,0.0010119933390022675,0.48398834466934204,0.48276782035827637,0.4550721347332001,0.3103315234184265,0.3135417401790619,0.3312719166278839,1.002528175515063,0.9426315775643453,0.0028514203149825335,0324.jpg
4032,3024,0.38044947385787964,0.21197514235973358,0.04651764780282974,0.09462353587150574,0.1325058937072754,0.3376235365867615,0.6822745203971863,0.7890980243682861,0.9174941182136536,0.011470980174477199,0.05616673752834467,0.0020335005144032922,0.425464391708374,0.37204262614250183,0.3199498951435089,0.2247525453567505,0.22176581621170044,0.2446809560060501,1.1435900572192852,0.859982197412945,0.0032450666185468435,0325.jpg
4032,3024,0.4771779179573059,0.2790440320968628,0.016741177067160606,0.0744745135307312,0.1256313920021057,0.412156879901886,0.8704352974891663,0.8817529678344727,0.8978862762451172,0.03013105801734274,0.07445659590996892,0.00024112654320987653,0.47914808988571167,0.47583362460136414,0.4751264154911041,0.2801865339279175,0.28866124153137207,0.31540000438690186,1.0069655823956154,0.9985137502113208,0.0029550143517553806,0326.jpg
4032,3024,0.5377029776573181,0.2846265137195587,0.012172549031674862,0.06643137335777283,0.11353334039449692,0.5642000436782837,0.9092039465904236,0.9182196259498596,0.9330549836158752,0.03529641505521962,0.08617190124506592,3.13300474510792e-05,0.5251761674880981,0.5209687352180481,0.5045171976089478,0.273001104593277,0.2847484052181244,0.2819597125053406,1.0080761548812218,0.9684213179826757,0.0038363446947187185,0327.jpg
4032,3024,0.5772264003753662,0.2567530572414398,0.07399608194828033,0.13813726603984833,0.20912548899650574,0.5888078808784485,0.9356510043144226,0.9395725131034851,0.9531019926071167,0.004053550432518686,0.02176019423973293,0.0018470785304862687,0.6176759600639343,0.5945616960525513,0.5600929856300354,0.256050169467926,0.2583254277706146,0.2561040222644806,1.038876075079793,0.9420267859868066,0.0008494450012221932,0328.jpg
4032,3024,0.5625419616699219,0.3190945088863373,0.023129412904381752,0.04278039187192917,0.06032156944274902,0.5934392809867859,0.9238862991333008,0.9317294359207153,0.9434942007064819,0.07177106953892669,0.14530498734987823,0.0006138884952129,0.5564368367195129,0.5514602065086365,0.5511180758476257,0.29606711864471436,0.3215619921684265,0.32959234714508057,1.0090244429746638,0.999379592513539,0.0018532611429691315,0329.jpg
4032,3024,0.4720834195613861,0.23951978981494904,0.03870196267962456,0.13216078281402588,0.2109372615814209,0.40652942657470703,0.8457450866699219,0.8784313797950745,0.9181608557701111,0.014084086566725456,0.03621753485344755,0.0010536573811623414,0.5391790270805359,0.47044679522514343,0.4272540807723999,0.22207528352737427,0.24646508693695068,0.252932608127594,1.1460995939464425,0.9081880818846804,0.00479612173512578,0330.jpg
4032,3024,0.40631088614463806,0.24267064034938812,0.009380392730236053,0.06733725965023041,0.10868627578020096,0.35612159967422485,0.8002274632453918,0.8790783882141113,0.9328195452690125,0.033454421506256826,0.0881635736856471,0.002881708238851096,0.456917941570282,0.39071282744407654,0.3539004921913147,0.23495854437351227,0.24722716212272644,0.2570286989212036,1.1694465603106445,0.9057818467967305,0.0025630402378737926,0331.jpg
4032,3024,0.5009793043136597,0.23205038905143738,0.07450980693101883,0.11283137649297714,0.1497294157743454,0.5334000587463379,0.7956392168998718,0.8462314009666443,0.9717215895652771,0.002455143901696481,0.031743489255270006,0.0091600201037205,0.5180644392967224,0.4849436581134796,0.45038679242134094,0.2150086909532547,0.23708130419254303,0.2404484897851944,1.0682980637668813,0.9287405993364872,0.0013284754240885377,0332.jpg
4032,3024,0.5135309100151062,0.21673011779785156,0.0939333364367485,0.17278432846069336,0.2239176630973816,0.5051804184913635,0.8080353140830994,0.8433725833892822,0.902894139289856,0.0024306211682203747,0.01159490609515411,0.0032197774943310657,0.5418752431869507,0.5198108553886414,0.47351643443107605,0.2096097767353058,0.2181451916694641,0.2194739282131195,1.0424468729783254,0.9109400440223646,0.0018666560063138604,0333.jpg
4032,3024,0.5059979557991028,0.20367255806922913,0.060105882585048676,0.12609019875526428,0.2547764778137207,0.5175294280052185,0.7679529786109924,0.8240431547164917,0.9440352916717529,0.005426003348870412,0.03489215902410347,0.005241877808222054,0.5467737317085266,0.5115305781364441,0.47009924054145813,0.1946806162595749,0.2093779444694519,0.20655684173107147,1.0688973175428906,0.9190053178223637,0.0017418460920453072,0334.jpg
4032,3024,0.47081175446510315,0.19888222217559814,0.05363529920578003,0.15339608490467072,0.23214903473854065,0.43428629636764526,0.749258816242218,0.8271921873092651,0.9539843201637268,0.009196189085201981,0.022825087789745527,0.004312392395229697,0.5223905444145203,0.4684670567512512,0.38335779309272766,0.19832633435726166,0.19872693717479706,0.1825709491968155,1.1151060075199568,0.8183242967541005,0.001692125923000276,0335.jpg
4032,3024,0.4700563848018646,0.14943110942840576,0.12890589237213135,0.21192550659179688,0.2820667028427124,0.47122353315353394,0.6739293932914734,0.7062392234802246,0.7533647418022156,0.0033041717844545225,0.005267138684177375,1.6403166204753505e-07,0.5261303782463074,0.4913559556007385,0.3956553637981415,0.15411598980426788,0.1512259840965271,0.14133356511592865,1.070772220173526,0.8052320401456565,0.00042218921589665115,0336.jpg
4032,3024,0.5508220195770264,0.2259638011455536,0.04672549292445183,0.09876078367233276,0.1720588356256485,0.5916078686714172,0.8077255487442017,0.8592352867126465,0.9895842671394348,0.011296286454396573,0.050604751931636854,0.012030328142059293,0.5511359572410583,0.5349916219711304,0.49615201354026794,0.21887873113155365,0.23021137714385986,0.23216669261455536,1.0301767437660088,0.927401599880459,0.001634102431125939,0337.jpg
4032,3024,0.45649734139442444,0.2850804626941681,0.004647059366106987,0.046164706349372864,0.09267451614141464,0.545486330986023,0.7731647491455078,0.7973608374595642,0.8464431166648865,0.05354190287226002,0.10998938059019904,8.201583102376753e-08,0.45472249388694763,0.45282652974128723,0.43042677640914917,0.27266407012939453,0.2810644507408142,0.2981008291244507,1.004186945406662,0.95053358760026,0.0017490792088210583,0338.jpg
4032,3024,0.48870810866355896,0.2755313217639923,0.014070588164031506,0.06598823517560959,0.11522353440523148,0.45840394496917725,0.8947843313217163,0.9128627181053162,0.9465804100036621,0.04163213800180566,0.0796029252750483,0.0016247336125808347,0.508115291595459,0.47607195377349854,0.4692842364311218,0.24838221073150635,0.28178927302360535,0.2974865138530731,1.0673076207500873,0.9857422748161281,0.0031053763814270496,0339.jpg
4032,3024,0.5495542287826538,0.26991337537765503,0.03423137590289116,0.12050589174032211,0.18482744693756104,0.5052117705345154,0.8829686045646667,0.9056039452552795,0.9212902188301086,0.01463777544196691,0.037700135030864196,0.0,0.5466885566711426,0.5455592274665833,0.5390998721122742,0.26285430788993835,0.26807135343551636,0.2802288830280304,1.0020700358048527,0.9881601424936998,0.011465590447187424,0340.jpg
4032,3024,0.4300819933414459,0.28397005796432495,0.004647059366106987,0.028066668659448624,0.061325494199991226,0.38774120807647705,0.8398823738098145,0.8630902171134949,0.9100823998451233,0.08688617711745192,0.14454617688124632,0.0007963737192407828,0.43426069617271423,0.42920368909835815,0.39482933282852173,0.2805884778499603,0.2798982262611389,0.2941100299358368,1.0117822735930018,0.9199115080917509,0.01962600089609623,0341.jpg
4032,3024,0.48933592438697815,0.2874533236026764,0.01568627543747425,0.051874514669179916,0.10076078772544861,0.48983922600746155,0.8614352941513062,0.8927411437034607,0.9210862517356873,0.04640636154153019,0.09970886020303182,0.0003068212238599143,0.49964576959609985,0.49737751483917236,0.41889265179634094,0.3008979558944702,0.28208863735198975,0.2908678948879242,1.0045604196587803,0.8422029486573027,0.0023885357659310102,0342.jpg
4032,3024,0.6023209095001221,0.249591663479805,0.022924236468970748,0.12438823282718658,0.2037372589111328,0.6829686164855957,0.8702862858772278,0.9018000364303589,0.9376000165939331,0.017967536165700848,0.03813859166351726,0.0007358460359452423,0.6514866352081299,0.6096305847167969,0.5382909178733826,0.23890024423599243,0.25439804792404175,0.25550809502601624,1.0686579428307954,0.8829790505743645,0.002032217336818576,0343.jpg
4032,3024,0.5219796895980835,0.20008620619773865,0.023850983008742332,0.12948627769947052,0.2513882517814636,0.5140392780303955,0.7994000315666199,0.8273215889930725,0.8538784980773926,0.023245336907911314,0.04371107528659612,5.019368858654573e-05,0.5360692143440247,0.5094696283340454,0.5030945539474487,0.17892800271511078,0.20517811179161072,0.23352359235286713,1.0522102443804446,0.9874868657150208,0.0017350985435768962,0344.jpg
4032,3024,0.5719723701477051,0.16196312010288239,0.1253438518941402,0.3053451180458069,0.37907058000564575,0.5579177141189575,0.80733722448349,0.8705882430076599,0.9398941397666931,0.003511425789451583,0.007860561276979927,0.001013223576467624,0.596584141254425,0.5643995404243469,0.5017811059951782,0.15374942123889923,0.16078346967697144,0.18448279798030853,1.0570243976128726,0.8890531990240677,0.0009494719561189413,0345.jpg
4032,3024,0.5688475966453552,0.14066427946090698,0.10934510082006454,0.3048078417778015,0.41863924264907837,0.5657608509063721,0.7343882918357849,0.8076157569885254,0.8779764771461487,0.0021848197226421433,0.008627163249559084,9.243184156378601e-05,0.5948471426963806,0.5597215294837952,0.48665851354599,0.14042691886425018,0.13905556499958038,0.15439830720424652,1.0627554035478617,0.8694656511232669,0.00048699331819079816,0346.jpg
4032,3024,0.5610767602920532,0.2659631669521332,0.02106274664402008,0.10620392858982086,0.17331375181674957,0.616588294506073,0.8475647568702698,0.8657647371292114,0.886435329914093,0.021636268319056018,0.04525264484651886,0.00013877078609221465,0.6019775867462158,0.5429152846336365,0.47925540804862976,0.25572916865348816,0.27354562282562256,0.2552512586116791,1.1087871257212978,0.8827445807267231,0.004815525840967894,0347.jpg
4032,3024,0.559118926525116,0.18754039704799652,0.008737255819141865,0.16110588610172272,0.2903882563114166,0.596811830997467,0.7557333707809448,0.7804666757583618,0.913478434085846,0.019909424996850594,0.03512615019001428,0.000680567365835223,0.5475991368293762,0.5379950404167175,0.519802451133728,0.18800106644630432,0.19125133752822876,0.18201424181461334,1.0178516117055798,0.9661845294086217,0.0016677251551300287,0348.jpg
4032,3024,0.5896251797676086,0.1963939219713211,0.03152548894286156,0.2157529592514038,0.33980000019073486,0.5801961421966553,0.8235961198806763,0.8514941930770874,0.8946313858032227,0.013118104108927522,0.023041445551986228,0.0002121749548584866,0.618604302406311,0.6007981300354004,0.5839978456497192,0.19845053553581238,0.20218336582183838,0.19550687074661255,1.0296374802837371,0.9720367697857831,0.0006874736864119768,0349.jpg
